0, 76.226, 32.729, 100.0, 0.5
1, 76.223, 32.726, 100.0, 0.5
2, 76.223, 32.726, 100.0, 0.5
3, 76.223, 32.726, 100.0, 0.5
4, 75.313, 31.639, 100.0, 0.5
5, 75.313, 31.639, 100.0, 0.5
6, 75.313, 31.639, 100.0, 0.5
7, 75.313, 31.639, 100.0, 0.5
8, 75.313, 31.639, 100.0, 0.5
9, 75.313, 31.639, 100.0, 0.5
10, 75.313, 31.639, 100.0, 0.5
11, 75.313, 31.639, 100.0, 0.5
12, 75.313, 31.639, 100.0, 0.5
13, 75.318, 31.647, 100.0, 0.5
14, 75.318, 31.647, 100.0, 0.5
15, 75.318, 31.647, 100.0, 0.5
16, 75.318, 31.647, 100.0, 0.5
17, 75.318, 31.647, 100.0, 0.5
18, 74.735, 31.132, 100.0, 0.5
19, 75.170, 31.120, 100.0, 0.5
20, 74.735, 31.132, 100.0, 0.5
21, 74.735, 31.132, 100.0, 0.5
22, 74.768, 31.150, 100.0, 0.5
23, 73.522, 30.850, 100.0, 0.5
24, 73.766, 30.744, 100.0, 0.5
25, 73.247, 30.758, 100.0, 0.5
26, 73.247, 30.758, 100.0, 0.5
27, 77.132, 31.346, 100.0, 0.5
28, 73.883, 30.635, 100.0, 0.5
29, 73.249, 31.010, 100.0, 0.5
30, 73.859, 31.916, 100.0, 0.5
31, 74.923, 30.854, 100.0, 0.5
32, 74.406, 30.699, 100.0, 0.5
33, 73.247, 30.758, 100.0, 0.5
34, 72.894, 30.517, 100.0, 0.5
35, 72.894, 30.517, 100.0, 0.5
36, 75.035, 32.359, 100.0, 0.5
37, 72.894, 30.517, 100.0, 0.5
38, 74.894, 31.035, 100.0, 0.5
39, 72.894, 30.517, 100.0, 0.5
40, 72.177, 30.011, 100.0, 0.5
41, 72.238, 30.036, 100.0, 0.5
42, 72.093, 30.096, 100.0, 0.5
43, 72.093, 30.096, 100.0, 0.5
44, 74.491, 31.984, 100.0, 0.5
45, 72.093, 30.096, 100.0, 0.5
46, 72.093, 30.096, 100.0, 0.5
47, 75.516, 32.583, 100.0, 0.5
48, 72.093, 30.096, 100.0, 0.5
49, 72.092, 30.094, 100.0, 0.5
50, 72.092, 30.094, 100.0, 0.5
51, 72.092, 30.094, 100.0, 0.5
52, 72.092, 30.094, 100.0, 0.5
53, 72.092, 30.095, 100.0, 0.5
54, 72.113, 30.056, 100.0, 0.5
55, 72.585, 29.832, 100.0, 0.5
56, 72.092, 30.094, 100.0, 0.5
57, 72.281, 30.155, 100.0, 0.5
58, 72.092, 30.094, 100.0, 0.5
59, 72.126, 29.849, 100.0, 0.5
60, 72.255, 30.128, 100.0, 0.5
61, 72.297, 30.160, 100.0, 0.5
62, 72.092, 30.094, 100.0, 0.5
63, 72.092, 30.094, 100.0, 0.5
64, 72.092, 30.094, 100.0, 0.5
65, 73.220, 29.936, 100.0, 0.5
66, 72.092, 30.094, 100.0, 0.5
67, 71.424, 29.894, 100.0, 0.5
68, 74.611, 30.935, 100.0, 0.5
69, 73.921, 30.621, 100.0, 0.5
70, 71.424, 29.894, 100.0, 0.5
71, 74.148, 30.210, 100.0, 0.5
72, 113.612, 50.809, 100.0, 0.5
73, 72.090, 30.094, 100.0, 0.5
74, 71.424, 29.894, 100.0, 0.5
75, 71.425, 29.895, 100.0, 0.5
76, 71.424, 29.894, 100.0, 0.5
77, 72.398, 30.266, 100.0, 0.5
78, 72.076, 29.767, 100.0, 0.5
79, 73.069, 29.942, 100.0, 0.5
80, 71.465, 29.904, 100.0, 0.5
81, 71.424, 29.894, 100.0, 0.5
82, 73.227, 32.255, 100.0, 0.5
83, 71.424, 29.894, 100.0, 0.5
84, 71.424, 29.893, 100.0, 0.5
85, 71.662, 30.262, 100.0, 0.5
86, 71.424, 29.893, 100.0, 0.5
87, 71.424, 29.893, 100.0, 0.5
88, 71.424, 29.894, 100.0, 0.5
89, 71.218, 29.850, 100.0, 0.5
90, 71.202, 29.818, 100.0, 0.5
91, 116.196, 52.038, 100.0, 0.5
92, 70.631, 29.754, 100.0, 0.5
93, 70.631, 29.754, 100.0, 0.5
94, 70.631, 29.754, 100.0, 0.5
95, 70.631, 29.754, 100.0, 0.5
96, 70.631, 29.754, 100.0, 0.5
97, 73.114, 30.311, 100.0, 0.5
98, 70.185, 29.665, 100.0, 0.5
99, 74.839, 32.270, 100.0, 0.5
100, 70.185, 29.665, 100.0, 0.5
101, 72.450, 30.115, 100.0, 0.5
102, 72.253, 30.154, 100.0, 0.5
103, 70.180, 29.658, 100.0, 0.5
104, 69.211, 30.133, 100.0, 0.5
105, 66.919, 28.962, 100.0, 0.5
106, 66.919, 28.962, 100.0, 0.5
107, 66.929, 28.983, 100.0, 0.5
108, 66.919, 28.962, 100.0, 0.5
109, 67.389, 28.875, 100.0, 0.5
110, 67.853, 29.780, 100.0, 0.5
111, 67.042, 28.859, 100.0, 0.5
112, 66.919, 28.962, 100.0, 0.5
113, 66.919, 28.962, 100.0, 0.5
114, 66.919, 28.962, 100.0, 0.5
115, 66.919, 28.962, 100.0, 0.5
116, 66.869, 28.876, 100.0, 0.5
117, 68.766, 29.856, 100.0, 0.5
118, 70.161, 31.423, 100.0, 0.5
119, 66.898, 28.896, 100.0, 0.5
120, 68.102, 29.692, 100.0, 0.5
121, 66.869, 28.876, 100.0, 0.5
122, 66.869, 28.876, 100.0, 0.5
123, 70.013, 30.635, 100.0, 0.5
124, 68.276, 28.933, 100.0, 0.5
125, 66.869, 28.876, 100.0, 0.5
126, 66.899, 28.678, 100.0, 0.5
127, 66.869, 28.876, 100.0, 0.5
128, 66.869, 28.876, 100.0, 0.5
129, 67.176, 28.880, 100.0, 0.5
130, 66.892, 28.913, 100.0, 0.5
131, 66.855, 28.817, 100.0, 0.5
132, 67.911, 29.599, 100.0, 0.5
133, 66.978, 28.924, 100.0, 0.5
134, 66.855, 28.817, 100.0, 0.5
135, 66.855, 28.817, 100.0, 0.5
136, 66.939, 29.151, 100.0, 0.5
137, 66.898, 28.630, 100.0, 0.5
138, 66.855, 28.817, 100.0, 0.5
139, 67.610, 28.542, 100.0, 0.5
140, 68.451, 28.852, 100.0, 0.5
141, 66.855, 28.817, 100.0, 0.5
142, 67.269, 28.850, 100.0, 0.5
143, 66.841, 28.796, 100.0, 0.5
144, 78.344, 31.861, 100.0, 0.5
145, 67.029, 28.764, 100.0, 0.5
146, 68.200, 28.763, 100.0, 0.5
147, 65.608, 27.904, 100.0, 0.5
148, 65.608, 27.904, 100.0, 0.5
149, 65.608, 27.904, 100.0, 0.5
150, 65.608, 27.904, 100.0, 0.5
151, 65.620, 28.260, 100.0, 0.5
152, 65.608, 27.904, 100.0, 0.5
153, 65.713, 27.660, 100.0, 0.5
154, 132.306, 59.419, 100.0, 0.5
155, 65.608, 27.904, 100.0, 0.5
156, 65.112, 27.520, 100.0, 0.5
157, 65.112, 27.520, 100.0, 0.5
158, 65.088, 27.503, 100.0, 0.5
159, 65.088, 27.503, 100.0, 0.5
160, 65.083, 27.503, 100.0, 0.5
161, 65.071, 27.492, 100.0, 0.5
162, 65.071, 27.492, 100.0, 0.5
163, 66.573, 28.711, 100.0, 0.5
164, 67.269, 28.055, 100.0, 0.5
165, 85.426, 34.822, 100.0, 0.5
166, 65.217, 28.095, 100.0, 0.5
167, 66.811, 30.012, 100.0, 0.5
168, 108.490, 47.700, 100.0, 0.5
169, 70.947, 29.941, 100.0, 0.5
170, 65.082, 27.497, 100.0, 0.5
171, 69.780, 28.433, 100.0, 0.5
172, 65.071, 27.492, 100.0, 0.5
173, 66.139, 28.529, 100.0, 0.5
174, 65.804, 27.506, 100.0, 0.5
175, 66.279, 27.353, 100.0, 0.5
176, 64.990, 27.423, 100.0, 0.5
177, 64.990, 27.423, 100.0, 0.5
178, 64.990, 27.423, 100.0, 0.5
179, 64.990, 27.423, 100.0, 0.5
180, 65.351, 27.697, 100.0, 0.5
181, 65.117, 27.509, 100.0, 0.5
182, 70.058, 28.148, 100.0, 0.5
183, 64.990, 27.423, 100.0, 0.5
184, 65.213, 27.382, 100.0, 0.5
185, 64.890, 27.364, 100.0, 0.5
186, 65.966, 28.386, 100.0, 0.5
187, 64.631, 27.183, 100.0, 0.5
188, 64.303, 27.328, 100.0, 0.5
189, 64.192, 27.266, 100.0, 0.5
190, 64.019, 27.162, 100.0, 0.5
191, 64.212, 26.569, 100.0, 0.5
192, 62.990, 26.926, 100.0, 0.5
193, 62.058, 26.581, 100.0, 0.5
194, 62.058, 26.581, 100.0, 0.5
195, 60.563, 25.709, 100.0, 0.5
196, 60.475, 25.634, 100.0, 0.5
197, 64.664, 27.728, 100.0, 0.5
198, 57.732, 23.289, 100.0, 0.5
199, 65.072, 24.799, 100.0, 0.5
200, 57.510, 23.306, 100.0, 0.5
201, 57.776, 23.343, 100.0, 0.5
202, 57.423, 23.281, 100.0, 0.5
203, 58.109, 23.370, 100.0, 0.5
204, 57.351, 23.473, 100.0, 0.5
205, 62.254, 25.184, 100.0, 0.5
206, 57.231, 23.384, 100.0, 0.5
207, 57.478, 23.554, 100.0, 0.5
208, 57.662, 23.584, 100.0, 0.5
209, 57.231, 23.384, 100.0, 0.5
210, 66.365, 25.845, 100.0, 0.5
211, 57.231, 23.384, 100.0, 0.5
212, 58.234, 23.888, 100.0, 0.5
213, 63.237, 24.785, 100.0, 0.5
214, 57.231, 23.384, 100.0, 0.5
215, 57.231, 23.384, 100.0, 0.5
216, 56.818, 23.740, 100.0, 0.5
217, 56.801, 23.737, 100.0, 0.5
218, 56.801, 23.737, 100.0, 0.5
219, 56.774, 23.691, 100.0, 0.5
220, 56.774, 23.691, 100.0, 0.5
221, 56.877, 23.868, 100.0, 0.5
222, 56.686, 23.635, 100.0, 0.5
223, 56.605, 23.572, 100.0, 0.5
224, 56.605, 23.572, 100.0, 0.5
225, 56.793, 23.593, 100.0, 0.5
226, 56.752, 23.582, 100.0, 0.5
227, 60.160, 24.021, 100.0, 0.5
228, 68.034, 29.530, 100.0, 0.5
229, 66.923, 25.839, 100.0, 0.5
230, 56.605, 23.572, 100.0, 0.5
231, 56.618, 23.597, 100.0, 0.5
232, 56.696, 23.614, 100.0, 0.5
233, 58.486, 23.261, 100.0, 0.5
234, 56.605, 23.572, 100.0, 0.5
235, 56.605, 23.572, 100.0, 0.5
236, 56.459, 22.548, 100.0, 0.5
237, 54.869, 22.764, 100.0, 0.5
238, 54.869, 22.764, 100.0, 0.5
239, 54.739, 22.710, 100.0, 0.5
240, 56.001, 23.664, 100.0, 0.5
241, 54.723, 22.668, 100.0, 0.5
242, 55.379, 23.312, 100.0, 0.5
243, 54.791, 22.831, 100.0, 0.5
244, 54.723, 22.668, 100.0, 0.5
245, 54.450, 22.209, 100.0, 0.5
246, 54.304, 22.125, 100.0, 0.5
247, 54.431, 22.148, 100.0, 0.5
248, 63.042, 27.650, 100.0, 0.5
249, 55.792, 22.687, 100.0, 0.5
250, 54.304, 22.125, 100.0, 0.5
251, 55.874, 22.843, 100.0, 0.5
252, 54.433, 22.225, 100.0, 0.5
253, 54.152, 22.045, 100.0, 0.5
254, 54.152, 22.045, 100.0, 0.5
255, 54.152, 22.045, 100.0, 0.5
256, 54.159, 22.020, 100.0, 0.5
257, 54.203, 22.064, 100.0, 0.5
258, 55.725, 22.622, 100.0, 0.5
259, 56.303, 23.057, 100.0, 0.5
260, 54.646, 22.627, 100.0, 0.5
261, 54.867, 22.048, 100.0, 0.5
262, 54.211, 22.085, 100.0, 0.5
263, 54.306, 22.162, 100.0, 0.5
264, 59.083, 25.164, 100.0, 0.5
265, 54.178, 22.022, 100.0, 0.5
266, 54.307, 22.133, 100.0, 0.5
267, 54.152, 22.045, 100.0, 0.5
268, 54.299, 22.330, 100.0, 0.5
269, 54.707, 21.889, 100.0, 0.5
270, 54.230, 22.044, 100.0, 0.5
271, 54.130, 22.055, 100.0, 0.5
272, 54.138, 22.069, 100.0, 0.5
273, 54.439, 21.960, 100.0, 0.5
274, 54.130, 22.055, 100.0, 0.5
275, 54.128, 22.063, 100.0, 0.5
276, 54.714, 22.354, 100.0, 0.5
277, 54.128, 22.063, 100.0, 0.5
278, 54.128, 22.063, 100.0, 0.5
279, 54.128, 22.063, 100.0, 0.5
280, 54.154, 22.044, 100.0, 0.5
281, 53.491, 21.530, 100.0, 0.5
282, 53.491, 21.530, 100.0, 0.5
283, 53.498, 21.610, 100.0, 0.5
284, 54.629, 21.579, 100.0, 0.5
285, 53.387, 21.686, 100.0, 0.5
286, 57.399, 23.423, 100.0, 0.5
287, 53.710, 22.121, 100.0, 0.5
288, 53.340, 21.646, 100.0, 0.5
289, 53.996, 22.346, 100.0, 0.5
290, 58.189, 24.675, 100.0, 0.5
291, 54.332, 21.688, 100.0, 0.5
292, 53.340, 21.646, 100.0, 0.5
293, 53.340, 21.646, 100.0, 0.5
294, 53.340, 21.646, 100.0, 0.5
295, 54.110, 21.458, 100.0, 0.5
296, 53.846, 21.851, 100.0, 0.5
297, 53.340, 21.646, 100.0, 0.5
298, 53.351, 21.653, 100.0, 0.5
299, 65.566, 24.187, 100.0, 0.5
300, 53.954, 21.458, 100.0, 0.5
301, 53.340, 21.646, 100.0, 0.5
302, 53.355, 21.651, 100.0, 0.5
303, 53.846, 21.989, 100.0, 0.5
304, 53.345, 21.531, 100.0, 0.5
305, 53.345, 21.649, 100.0, 0.5
306, 56.968, 24.076, 100.0, 0.5
307, 66.057, 24.345, 100.0, 0.5
308, 53.340, 21.646, 100.0, 0.5
309, 53.340, 21.646, 100.0, 0.5
310, 54.289, 22.050, 100.0, 0.5
311, 53.317, 21.635, 100.0, 0.5
312, 53.486, 21.544, 100.0, 0.5
313, 53.317, 21.635, 100.0, 0.5
314, 53.714, 21.559, 100.0, 0.5
315, 53.096, 21.441, 100.0, 0.5
316, 52.612, 21.297, 100.0, 0.5
317, 52.046, 20.415, 100.0, 0.5
318, 52.626, 20.463, 100.0, 0.5
319, 52.050, 20.420, 100.0, 0.5
320, 52.023, 20.427, 100.0, 0.5
321, 52.226, 20.792, 100.0, 0.5
322, 52.023, 20.427, 100.0, 0.5
323, 51.906, 20.449, 100.0, 0.5
324, 54.401, 22.323, 100.0, 0.5
325, 52.033, 20.318, 100.0, 0.5
326, 51.906, 20.449, 100.0, 0.5
327, 51.906, 20.449, 100.0, 0.5
328, 51.906, 20.449, 100.0, 0.5
329, 52.092, 20.517, 100.0, 0.5
330, 52.027, 20.069, 100.0, 0.5
331, 51.836, 20.971, 100.0, 0.5
332, 51.837, 20.961, 100.0, 0.5
333, 51.805, 20.938, 100.0, 0.5
334, 53.144, 21.920, 100.0, 0.5
335, 51.891, 20.953, 100.0, 0.5
336, 53.024, 21.190, 100.0, 0.5
337, 51.805, 20.938, 100.0, 0.5
338, 51.805, 20.938, 100.0, 0.5
339, 51.868, 21.090, 100.0, 0.5
340, 53.835, 22.002, 100.0, 0.5
341, 51.805, 20.938, 100.0, 0.5
342, 51.805, 20.938, 100.0, 0.5
343, 51.805, 20.938, 100.0, 0.5
344, 88.535, 37.224, 100.0, 0.5
345, 53.207, 21.959, 100.0, 0.5
346, 51.820, 20.834, 100.0, 0.5
347, 52.222, 21.323, 100.0, 0.5
348, 76.885, 32.659, 100.0, 0.5
349, 51.805, 20.938, 100.0, 0.5
350, 51.856, 20.862, 100.0, 0.5
351, 51.805, 20.938, 100.0, 0.5
352, 51.820, 20.883, 100.0, 0.5
353, 51.867, 20.908, 100.0, 0.5
354, 51.805, 20.938, 100.0, 0.5
355, 51.740, 20.933, 100.0, 0.5
356, 51.740, 20.933, 100.0, 0.5
357, 51.740, 20.933, 100.0, 0.5
358, 51.740, 20.933, 100.0, 0.5
359, 85.381, 38.407, 100.0, 0.5
360, 51.740, 20.933, 100.0, 0.5
361, 51.740, 20.933, 100.0, 0.5
362, 51.550, 20.663, 100.0, 0.5
363, 51.509, 20.590, 100.0, 0.5
364, 51.543, 20.606, 100.0, 0.5
365, 51.971, 20.772, 100.0, 0.5
366, 49.857, 19.659, 100.0, 0.5
367, 51.935, 19.437, 100.0, 0.5
368, 49.857, 19.659, 100.0, 0.5
369, 49.857, 19.659, 100.0, 0.5
370, 49.857, 19.659, 100.0, 0.5
371, 49.857, 19.659, 100.0, 0.5
372, 50.441, 19.838, 100.0, 0.5
373, 50.228, 19.887, 100.0, 0.5
374, 49.490, 19.431, 100.0, 0.5
375, 49.088, 19.237, 100.0, 0.5
376, 50.737, 19.428, 100.0, 0.5
377, 49.033, 18.993, 100.0, 0.5
378, 49.121, 18.987, 100.0, 0.5
379, 49.033, 18.993, 100.0, 0.5
380, 49.465, 18.920, 100.0, 0.5
381, 80.642, 33.110, 100.0, 0.5
382, 49.033, 18.993, 100.0, 0.5
383, 49.033, 18.993, 100.0, 0.5
384, 50.575, 20.328, 100.0, 0.5
385, 60.389, 21.880, 100.0, 0.5
386, 48.731, 19.077, 100.0, 0.5
387, 48.140, 18.850, 100.0, 0.5
388, 48.140, 18.850, 100.0, 0.5
389, 49.072, 18.277, 100.0, 0.5
390, 48.140, 18.850, 100.0, 0.5
391, 47.840, 18.681, 100.0, 0.5
392, 47.840, 18.681, 100.0, 0.5
393, 47.844, 18.684, 100.0, 0.5
394, 47.993, 18.020, 100.0, 0.5
395, 50.113, 18.590, 100.0, 0.5
396, 48.274, 19.258, 100.0, 0.5
397, 48.539, 18.561, 100.0, 0.5
398, 47.379, 18.586, 100.0, 0.5
399, 48.933, 20.191, 100.0, 0.5
400, 49.320, 19.525, 100.0, 0.5
401, 47.795, 18.497, 100.0, 0.5
402, 47.379, 18.586, 100.0, 0.5
403, 47.401, 18.583, 100.0, 0.5
404, 48.407, 19.189, 100.0, 0.5
405, 47.998, 18.960, 100.0, 0.5
406, 47.379, 18.586, 100.0, 0.5
407, 47.379, 18.586, 100.0, 0.5
408, 50.865, 20.180, 100.0, 0.5
409, 47.379, 18.586, 100.0, 0.5
410, 51.187, 18.781, 100.0, 0.5
411, 47.636, 18.227, 100.0, 0.5
412, 49.630, 18.639, 100.0, 0.5
413, 48.637, 19.461, 100.0, 0.5
414, 47.379, 18.586, 100.0, 0.5
415, 47.285, 19.331, 100.0, 0.5
416, 47.235, 19.297, 100.0, 0.5
417, 47.231, 19.316, 100.0, 0.5
418, 47.231, 19.316, 100.0, 0.5
419, 47.251, 19.321, 100.0, 0.5
420, 47.295, 19.478, 100.0, 0.5
421, 47.301, 18.620, 100.0, 0.5
422, 48.305, 19.088, 100.0, 0.5
423, 48.170, 19.352, 100.0, 0.5
424, 47.231, 19.316, 100.0, 0.5
425, 47.276, 19.308, 100.0, 0.5
426, 47.231, 19.316, 100.0, 0.5
427, 56.938, 24.816, 100.0, 0.5
428, 47.346, 19.306, 100.0, 0.5
429, 57.995, 25.379, 100.0, 0.5
430, 47.261, 19.175, 100.0, 0.5
431, 47.231, 19.316, 100.0, 0.5
432, 47.420, 19.314, 100.0, 0.5
433, 47.231, 19.316, 100.0, 0.5
434, 49.755, 19.571, 100.0, 0.5
435, 47.231, 19.316, 100.0, 0.5
436, 47.854, 20.055, 100.0, 0.5
437, 47.368, 18.892, 100.0, 0.5
438, 47.233, 19.318, 100.0, 0.5
439, 47.263, 19.110, 100.0, 0.5
440, 50.858, 20.013, 100.0, 0.5
441, 53.459, 22.993, 100.0, 0.5
442, 48.397, 19.121, 100.0, 0.5
443, 47.231, 19.316, 100.0, 0.5
444, 47.231, 19.316, 100.0, 0.5
445, 47.218, 18.689, 100.0, 0.5
446, 47.521, 18.659, 100.0, 0.5
447, 47.171, 18.774, 100.0, 0.5
448, 47.171, 18.774, 100.0, 0.5
449, 60.619, 25.695, 100.0, 0.5
450, 47.171, 18.774, 100.0, 0.5
451, 47.404, 18.549, 100.0, 0.5
452, 48.271, 19.298, 100.0, 0.5
453, 47.149, 18.770, 100.0, 0.5
454, 48.278, 19.090, 100.0, 0.5
455, 47.236, 18.652, 100.0, 0.5
456, 47.296, 19.379, 100.0, 0.5
457, 47.175, 18.780, 100.0, 0.5
458, 47.681, 18.542, 100.0, 0.5
459, 47.197, 18.723, 100.0, 0.5
460, 47.455, 18.057, 100.0, 0.5
461, 66.094, 28.054, 100.0, 0.5
462, 47.149, 18.770, 100.0, 0.5
463, 48.078, 19.028, 100.0, 0.5
464, 47.064, 18.831, 100.0, 0.5
465, 48.015, 19.811, 100.0, 0.5
466, 63.268, 23.889, 100.0, 0.5
467, 47.064, 18.831, 100.0, 0.5
468, 47.069, 18.824, 100.0, 0.5
469, 47.064, 18.831, 100.0, 0.5
470, 48.659, 19.310, 100.0, 0.5
471, 60.145, 22.786, 100.0, 0.5
472, 66.201, 28.086, 100.0, 0.5
473, 47.064, 18.831, 100.0, 0.5
474, 47.104, 18.725, 100.0, 0.5
475, 54.358, 22.633, 100.0, 0.5
476, 81.342, 33.611, 100.0, 0.5
477, 66.228, 28.095, 100.0, 0.5
478, 49.948, 20.998, 100.0, 0.5
479, 47.210, 18.543, 100.0, 0.5
480, 47.347, 19.508, 100.0, 0.5
481, 47.240, 18.706, 100.0, 0.5
482, 47.766, 19.892, 100.0, 0.5
483, 47.064, 18.831, 100.0, 0.5
484, 47.067, 18.810, 100.0, 0.5
485, 50.879, 21.577, 100.0, 0.5
486, 81.568, 33.731, 100.0, 0.5
487, 47.064, 18.831, 100.0, 0.5
488, 47.200, 19.095, 100.0, 0.5
489, 47.513, 18.884, 100.0, 0.5
490, 56.436, 23.691, 100.0, 0.5
491, 47.337, 18.351, 100.0, 0.5
492, 47.040, 18.900, 100.0, 0.5
493, 47.043, 18.846, 100.0, 0.5
494, 47.088, 19.115, 100.0, 0.5
495, 77.944, 31.978, 100.0, 0.5
496, 49.585, 18.616, 100.0, 0.5
497, 47.265, 19.010, 100.0, 0.5
498, 47.746, 19.669, 100.0, 0.5
499, 47.040, 18.900, 100.0, 0.5
500, 47.604, 19.808, 100.0, 0.5
501, 47.040, 18.805, 100.0, 0.5
502, 81.741, 33.869, 100.0, 0.5
503, 47.040, 18.900, 100.0, 0.5
504, 49.488, 19.682, 100.0, 0.5
505, 47.521, 19.138, 100.0, 0.5
506, 47.437, 19.098, 100.0, 0.5
507, 47.002, 18.947, 100.0, 0.5
508, 47.056, 18.893, 100.0, 0.5
509, 47.002, 18.947, 100.0, 0.5
510, 46.918, 18.756, 100.0, 0.5
511, 46.918, 18.756, 100.0, 0.5
512, 46.918, 18.756, 100.0, 0.5
513, 46.868, 18.820, 100.0, 0.5
514, 46.933, 18.880, 100.0, 0.5
515, 46.876, 18.742, 100.0, 0.5
516, 47.386, 18.614, 100.0, 0.5
517, 48.318, 19.107, 100.0, 0.5
518, 47.699, 19.460, 100.0, 0.5
519, 47.072, 18.731, 100.0, 0.5
520, 46.868, 18.820, 100.0, 0.5
521, 47.981, 19.842, 100.0, 0.5
522, 48.501, 18.726, 100.0, 0.5
523, 46.868, 18.820, 100.0, 0.5
524, 59.093, 25.388, 100.0, 0.5
525, 46.868, 18.820, 100.0, 0.5
526, 48.007, 19.167, 100.0, 0.5
527, 54.491, 23.190, 100.0, 0.5
528, 47.326, 19.226, 100.0, 0.5
529, 46.900, 18.816, 100.0, 0.5
530, 47.459, 20.022, 100.0, 0.5
531, 46.847, 18.993, 100.0, 0.5
532, 46.819, 18.968, 100.0, 0.5
533, 46.819, 18.965, 100.0, 0.5
534, 46.819, 18.968, 100.0, 0.5
535, 52.261, 22.507, 100.0, 0.5
536, 46.819, 18.968, 100.0, 0.5
537, 46.819, 18.968, 100.0, 0.5
538, 46.819, 18.968, 100.0, 0.5
539, 47.531, 18.956, 100.0, 0.5
540, 46.814, 19.011, 100.0, 0.5
541, 46.814, 19.011, 100.0, 0.5
542, 47.073, 18.173, 100.0, 0.5
543, 78.559, 36.255, 100.0, 0.5
544, 47.448, 19.286, 100.0, 0.5
545, 46.823, 18.902, 100.0, 0.5
546, 75.873, 27.420, 100.0, 0.5
547, 70.488, 25.686, 100.0, 0.5
548, 46.816, 18.983, 100.0, 0.5
549, 47.142, 19.357, 100.0, 0.5
550, 70.275, 25.625, 100.0, 0.5
551, 47.190, 18.880, 100.0, 0.5
552, 46.814, 19.011, 100.0, 0.5
553, 46.817, 18.943, 100.0, 0.5
554, 48.259, 18.748, 100.0, 0.5
555, 46.966, 19.286, 100.0, 0.5
556, 46.814, 19.011, 100.0, 0.5
557, 46.814, 19.011, 100.0, 0.5
558, 46.976, 19.159, 100.0, 0.5
559, 46.803, 18.960, 100.0, 0.5
560, 46.978, 18.850, 100.0, 0.5
561, 46.803, 18.960, 100.0, 0.5
562, 48.157, 19.474, 100.0, 0.5
563, 46.803, 18.960, 100.0, 0.5
564, 46.808, 18.888, 100.0, 0.5
565, 47.009, 19.034, 100.0, 0.5
566, 46.803, 18.960, 100.0, 0.5
567, 46.803, 18.960, 100.0, 0.5
568, 46.803, 18.960, 100.0, 0.5
569, 46.909, 18.842, 100.0, 0.5
570, 46.803, 18.960, 100.0, 0.5
571, 47.337, 18.967, 100.0, 0.5
572, 46.875, 19.011, 100.0, 0.5
573, 46.803, 18.960, 100.0, 0.5
574, 46.812, 18.976, 100.0, 0.5
575, 46.995, 19.584, 100.0, 0.5
576, 47.631, 19.024, 100.0, 0.5
577, 46.768, 19.047, 100.0, 0.5
578, 46.768, 19.047, 100.0, 0.5
579, 47.059, 19.459, 100.0, 0.5
580, 46.605, 18.899, 100.0, 0.5
581, 46.605, 18.899, 100.0, 0.5
582, 48.537, 20.398, 100.0, 0.5
583, 46.605, 18.899, 100.0, 0.5
584, 46.711, 18.965, 100.0, 0.5
585, 46.605, 18.899, 100.0, 0.5
586, 46.809, 18.923, 100.0, 0.5
587, 48.276, 20.294, 100.0, 0.5
588, 46.592, 18.897, 100.0, 0.5
589, 46.647, 18.847, 100.0, 0.5
590, 48.943, 20.456, 100.0, 0.5
591, 59.636, 25.983, 100.0, 0.5
592, 46.592, 18.897, 100.0, 0.5
593, 79.207, 32.691, 100.0, 0.5
594, 46.877, 18.946, 100.0, 0.5
595, 46.592, 18.897, 100.0, 0.5
596, 46.592, 18.897, 100.0, 0.5
597, 46.592, 18.898, 100.0, 0.5
598, 46.714, 18.812, 100.0, 0.5
599, 46.671, 18.688, 100.0, 0.5
600, 46.592, 18.897, 100.0, 0.5
601, 46.592, 18.897, 100.0, 0.5
602, 46.640, 18.812, 100.0, 0.5
603, 47.531, 18.567, 100.0, 0.5
604, 46.922, 18.048, 100.0, 0.5
605, 46.676, 18.903, 100.0, 0.5
606, 46.696, 18.910, 100.0, 0.5
607, 46.592, 18.897, 100.0, 0.5
608, 51.146, 21.914, 100.0, 0.5
609, 46.592, 18.897, 100.0, 0.5
610, 46.724, 18.192, 100.0, 0.5
611, 48.473, 20.440, 100.0, 0.5
612, 46.609, 18.947, 100.0, 0.5
613, 47.126, 19.683, 100.0, 0.5
614, 46.954, 19.080, 100.0, 0.5
615, 48.093, 19.381, 100.0, 0.5
616, 57.765, 24.709, 100.0, 0.5
617, 47.286, 19.236, 100.0, 0.5
618, 46.724, 19.024, 100.0, 0.5
619, 46.590, 18.896, 100.0, 0.5
620, 46.590, 18.896, 100.0, 0.5
621, 47.603, 18.565, 100.0, 0.5
622, 47.343, 19.345, 100.0, 0.5
623, 46.708, 18.216, 100.0, 0.5
624, 46.590, 18.899, 100.0, 0.5
625, 46.590, 18.896, 100.0, 0.5
626, 46.590, 18.896, 100.0, 0.5
627, 47.189, 18.686, 100.0, 0.5
628, 46.590, 18.896, 100.0, 0.5
629, 46.590, 18.896, 100.0, 0.5
630, 46.870, 18.944, 100.0, 0.5
631, 46.597, 18.886, 100.0, 0.5
632, 46.590, 18.896, 100.0, 0.5
633, 46.772, 19.061, 100.0, 0.5
634, 48.446, 20.327, 100.0, 0.5
635, 46.713, 18.945, 100.0, 0.5
636, 47.184, 19.032, 100.0, 0.5
637, 47.004, 18.647, 100.0, 0.5
638, 46.941, 19.332, 100.0, 0.5
639, 46.617, 18.484, 100.0, 0.5
640, 46.590, 18.896, 100.0, 0.5
641, 46.590, 18.896, 100.0, 0.5
642, 46.590, 18.896, 100.0, 0.5
643, 79.135, 32.655, 100.0, 0.5
644, 46.787, 18.891, 100.0, 0.5
645, 46.498, 19.098, 100.0, 0.5
646, 47.573, 19.327, 100.0, 0.5
647, 46.498, 19.098, 100.0, 0.5
648, 46.498, 19.098, 100.0, 0.5
649, 46.498, 19.098, 100.0, 0.5
650, 48.355, 20.692, 100.0, 0.5
651, 47.856, 18.580, 100.0, 0.5
652, 75.570, 30.933, 100.0, 0.5
653, 46.498, 19.098, 100.0, 0.5
654, 46.498, 19.098, 100.0, 0.5
655, 46.498, 19.098, 100.0, 0.5
656, 66.672, 25.068, 100.0, 0.5
657, 46.488, 18.999, 100.0, 0.5
658, 46.885, 19.062, 100.0, 0.5
659, 46.744, 19.178, 100.0, 0.5
660, 46.715, 19.004, 100.0, 0.5
661, 50.843, 22.170, 100.0, 0.5
662, 46.514, 19.027, 100.0, 0.5
663, 46.838, 19.499, 100.0, 0.5
664, 46.488, 18.999, 100.0, 0.5
665, 46.616, 18.975, 100.0, 0.5
666, 46.667, 18.780, 100.0, 0.5
667, 46.488, 18.999, 100.0, 0.5
668, 47.200, 19.924, 100.0, 0.5
669, 65.824, 24.818, 100.0, 0.5
670, 46.557, 19.173, 100.0, 0.5
671, 47.486, 18.939, 100.0, 0.5
672, 46.506, 19.254, 100.0, 0.5
673, 46.488, 18.999, 100.0, 0.5
674, 50.847, 22.172, 100.0, 0.5
675, 46.499, 18.951, 100.0, 0.5
676, 67.353, 26.784, 100.0, 0.5
677, 46.488, 18.999, 100.0, 0.5
678, 86.840, 36.672, 100.0, 0.5
679, 46.484, 19.169, 100.0, 0.5
680, 46.564, 19.246, 100.0, 0.5
681, 46.506, 19.130, 100.0, 0.5
682, 46.729, 18.458, 100.0, 0.5
683, 46.484, 19.169, 100.0, 0.5
684, 47.255, 19.564, 100.0, 0.5
685, 46.484, 19.169, 100.0, 0.5
686, 46.501, 19.273, 100.0, 0.5
687, 46.623, 18.540, 100.0, 0.5
688, 46.485, 19.166, 100.0, 0.5
689, 46.613, 18.552, 100.0, 0.5
690, 46.528, 19.457, 100.0, 0.5
691, 46.484, 19.169, 100.0, 0.5
692, 46.484, 19.169, 100.0, 0.5
693, 67.794, 30.500, 100.0, 0.5
694, 47.202, 19.929, 100.0, 0.5
695, 46.484, 19.169, 100.0, 0.5
696, 46.484, 19.169, 100.0, 0.5
697, 47.203, 19.931, 100.0, 0.5
698, 50.109, 19.380, 100.0, 0.5
699, 63.048, 26.828, 100.0, 0.5
700, 46.502, 19.248, 100.0, 0.5
701, 46.424, 19.161, 100.0, 0.5
702, 46.424, 19.161, 100.0, 0.5
703, 47.539, 19.681, 100.0, 0.5
704, 50.137, 19.326, 100.0, 0.5
705, 46.445, 19.136, 100.0, 0.5
706, 64.072, 27.186, 100.0, 0.5
707, 47.251, 19.772, 100.0, 0.5
708, 47.153, 19.349, 100.0, 0.5
709, 46.424, 19.161, 100.0, 0.5
710, 47.697, 18.749, 100.0, 0.5
711, 47.464, 20.130, 100.0, 0.5
712, 46.594, 19.405, 100.0, 0.5
713, 46.467, 19.122, 100.0, 0.5
714, 47.025, 19.424, 100.0, 0.5
715, 46.412, 19.400, 100.0, 0.5
716, 46.444, 19.225, 100.0, 0.5
717, 46.461, 19.501, 100.0, 0.5
718, 46.517, 18.884, 100.0, 0.5
719, 46.977, 19.640, 100.0, 0.5
720, 46.412, 19.400, 100.0, 0.5
721, 48.676, 18.737, 100.0, 0.5
722, 46.787, 19.409, 100.0, 0.5
723, 46.770, 19.669, 100.0, 0.5
724, 46.384, 19.271, 100.0, 0.5
725, 46.314, 19.182, 100.0, 0.5
726, 46.466, 19.212, 100.0, 0.5
727, 46.641, 18.948, 100.0, 0.5
728, 46.335, 18.933, 100.0, 0.5
729, 46.410, 19.357, 100.0, 0.5
730, 46.314, 19.182, 100.0, 0.5
731, 48.872, 18.641, 100.0, 0.5
732, 46.545, 19.114, 100.0, 0.5
733, 46.984, 18.920, 100.0, 0.5
734, 49.717, 21.558, 100.0, 0.5
735, 46.374, 19.156, 100.0, 0.5
736, 46.314, 19.182, 100.0, 0.5
737, 49.892, 18.697, 100.0, 0.5
738, 46.734, 19.635, 100.0, 0.5
739, 46.314, 19.182, 100.0, 0.5
740, 46.831, 19.708, 100.0, 0.5
741, 46.321, 19.172, 100.0, 0.5
742, 46.314, 19.182, 100.0, 0.5
743, 46.461, 19.136, 100.0, 0.5
744, 46.465, 19.042, 100.0, 0.5
745, 46.314, 19.182, 100.0, 0.5
746, 47.141, 19.490, 100.0, 0.5
747, 46.506, 19.125, 100.0, 0.5
748, 65.689, 27.746, 100.0, 0.5
749, 46.642, 19.438, 100.0, 0.5
750, 46.627, 19.624, 100.0, 0.5
751, 65.280, 25.124, 100.0, 0.5
752, 46.531, 18.779, 100.0, 0.5
753, 48.651, 18.569, 100.0, 0.5
754, 89.692, 38.346, 100.0, 0.5
755, 46.314, 19.182, 100.0, 0.5
756, 46.312, 19.157, 100.0, 0.5
757, 46.360, 19.329, 100.0, 0.5
758, 48.130, 18.614, 100.0, 0.5
759, 48.328, 19.283, 100.0, 0.5
760, 46.312, 19.157, 100.0, 0.5
761, 46.312, 19.157, 100.0, 0.5
762, 47.198, 19.410, 100.0, 0.5
763, 46.854, 19.310, 100.0, 0.5
764, 46.312, 19.157, 100.0, 0.5
765, 47.101, 19.361, 100.0, 0.5
766, 46.402, 19.290, 100.0, 0.5
767, 46.426, 19.005, 100.0, 0.5
768, 46.337, 19.393, 100.0, 0.5
769, 46.312, 19.157, 100.0, 0.5
770, 46.372, 18.774, 100.0, 0.5
771, 46.334, 19.252, 100.0, 0.5
772, 46.364, 19.284, 100.0, 0.5
773, 46.453, 19.659, 100.0, 0.5
774, 47.573, 19.730, 100.0, 0.5
775, 46.311, 19.210, 100.0, 0.5
776, 46.304, 19.243, 100.0, 0.5
777, 48.881, 18.669, 100.0, 0.5
778, 46.304, 19.243, 100.0, 0.5
779, 46.777, 19.387, 100.0, 0.5
780, 46.304, 19.243, 100.0, 0.5
781, 50.399, 22.185, 100.0, 0.5
782, 46.353, 19.348, 100.0, 0.5
783, 47.027, 18.748, 100.0, 0.5
784, 46.329, 19.194, 100.0, 0.5
785, 46.423, 19.067, 100.0, 0.5
786, 49.548, 21.811, 100.0, 0.5
787, 46.294, 19.297, 100.0, 0.5
788, 51.802, 22.897, 100.0, 0.5
789, 46.361, 19.370, 100.0, 0.5
790, 46.589, 19.244, 100.0, 0.5
791, 55.445, 21.839, 100.0, 0.5
792, 46.416, 19.532, 100.0, 0.5
793, 46.514, 19.601, 100.0, 0.5
794, 46.438, 19.458, 100.0, 0.5
795, 46.294, 19.297, 100.0, 0.5
796, 46.240, 19.462, 100.0, 0.5
797, 46.535, 19.238, 100.0, 0.5
798, 66.326, 25.886, 100.0, 0.5
799, 46.291, 19.547, 100.0, 0.5
800, 62.848, 26.781, 100.0, 0.5
801, 46.240, 19.462, 100.0, 0.5
802, 46.252, 19.576, 100.0, 0.5
803, 46.240, 19.462, 100.0, 0.5
804, 46.249, 19.438, 100.0, 0.5
805, 47.697, 19.354, 100.0, 0.5
806, 46.257, 19.498, 100.0, 0.5
807, 46.240, 19.462, 100.0, 0.5
808, 46.370, 19.486, 100.0, 0.5
809, 63.663, 27.144, 100.0, 0.5
810, 46.242, 19.465, 100.0, 0.5
811, 46.347, 19.583, 100.0, 0.5
812, 46.240, 19.462, 100.0, 0.5
813, 46.260, 19.474, 100.0, 0.5
814, 46.240, 19.462, 100.0, 0.5
815, 97.086, 42.092, 100.0, 0.5
816, 46.902, 19.636, 100.0, 0.5
817, 46.240, 19.462, 100.0, 0.5
818, 46.229, 19.410, 100.0, 0.5
819, 46.654, 19.535, 100.0, 0.5
820, 46.442, 19.692, 100.0, 0.5
821, 46.229, 19.410, 100.0, 0.5
822, 46.229, 19.410, 100.0, 0.5
823, 46.619, 18.840, 100.0, 0.5
824, 46.632, 19.295, 100.0, 0.5
825, 46.229, 19.410, 100.0, 0.5
826, 46.272, 19.362, 100.0, 0.5
827, 46.229, 19.410, 100.0, 0.5
828, 49.826, 21.884, 100.0, 0.5
829, 47.272, 19.285, 100.0, 0.5
830, 46.375, 19.589, 100.0, 0.5
831, 46.227, 19.417, 100.0, 0.5
832, 46.227, 19.417, 100.0, 0.5
833, 46.227, 19.417, 100.0, 0.5
834, 46.822, 19.670, 100.0, 0.5
835, 46.284, 19.277, 100.0, 0.5
836, 46.330, 19.225, 100.0, 0.5
837, 46.413, 19.434, 100.0, 0.5
838, 46.447, 19.558, 100.0, 0.5
839, 46.227, 19.417, 100.0, 0.5
840, 46.189, 19.203, 100.0, 0.5
841, 50.259, 21.996, 100.0, 0.5
842, 46.929, 18.833, 100.0, 0.5
843, 46.199, 19.195, 100.0, 0.5
844, 46.197, 19.191, 100.0, 0.5
845, 46.236, 19.217, 100.0, 0.5
846, 47.785, 19.915, 100.0, 0.5
847, 46.189, 19.203, 100.0, 0.5
848, 46.185, 19.095, 100.0, 0.5
849, 46.277, 18.601, 100.0, 0.5
850, 51.879, 22.892, 100.0, 0.5
851, 46.357, 18.930, 100.0, 0.5
852, 46.185, 19.095, 100.0, 0.5
853, 46.747, 18.658, 100.0, 0.5
854, 46.185, 19.095, 100.0, 0.5
855, 46.332, 18.944, 100.0, 0.5
856, 46.247, 19.189, 100.0, 0.5
857, 46.294, 18.573, 100.0, 0.5
858, 46.323, 19.402, 100.0, 0.5
859, 46.169, 19.262, 100.0, 0.5
860, 46.169, 19.262, 100.0, 0.5
861, 46.451, 19.796, 100.0, 0.5
862, 46.277, 19.460, 100.0, 0.5
863, 46.925, 19.932, 100.0, 0.5
864, 46.563, 19.314, 100.0, 0.5
865, 46.501, 19.525, 100.0, 0.5
866, 46.447, 19.793, 100.0, 0.5
867, 46.095, 19.251, 100.0, 0.5
868, 46.349, 19.119, 100.0, 0.5
869, 46.290, 19.223, 100.0, 0.5
870, 46.188, 19.317, 100.0, 0.5
871, 46.078, 19.343, 100.0, 0.5
872, 46.882, 19.681, 100.0, 0.5
873, 65.613, 27.793, 100.0, 0.5
874, 46.078, 19.343, 100.0, 0.5
875, 47.848, 20.944, 100.0, 0.5
876, 46.121, 19.675, 100.0, 0.5
877, 46.078, 19.343, 100.0, 0.5
878, 46.078, 19.343, 100.0, 0.5
879, 46.107, 19.354, 100.0, 0.5
880, 46.099, 19.413, 100.0, 0.5
881, 84.743, 31.552, 100.0, 0.5
882, 46.078, 19.343, 100.0, 0.5
883, 47.632, 19.332, 100.0, 0.5
884, 46.707, 19.649, 100.0, 0.5
885, 46.078, 19.343, 100.0, 0.5
886, 46.078, 19.333, 100.0, 0.5
887, 47.658, 20.001, 100.0, 0.5
888, 46.372, 19.235, 100.0, 0.5
889, 46.082, 19.350, 100.0, 0.5
890, 46.086, 19.334, 100.0, 0.5
891, 48.497, 18.888, 100.0, 0.5
892, 46.099, 19.358, 100.0, 0.5
893, 46.989, 20.223, 100.0, 0.5
894, 46.279, 19.163, 100.0, 0.5
895, 46.079, 19.341, 100.0, 0.5
896, 46.098, 19.350, 100.0, 0.5
897, 46.117, 19.419, 100.0, 0.5
898, 46.241, 19.304, 100.0, 0.5
899, 46.078, 19.343, 100.0, 0.5
900, 47.038, 19.643, 100.0, 0.5
901, 46.325, 19.691, 100.0, 0.5
902, 46.078, 19.343, 100.0, 0.5
903, 82.906, 30.912, 100.0, 0.5
904, 46.999, 19.631, 100.0, 0.5
905, 46.252, 19.300, 100.0, 0.5
906, 46.342, 18.667, 100.0, 0.5
907, 46.230, 19.544, 100.0, 0.5
908, 46.078, 19.343, 100.0, 0.5
909, 83.997, 35.527, 100.0, 0.5
910, 47.607, 20.802, 100.0, 0.5
911, 46.397, 19.857, 100.0, 0.5
912, 49.297, 18.913, 100.0, 0.5
913, 46.398, 19.537, 100.0, 0.5
914, 46.737, 19.654, 100.0, 0.5
915, 46.065, 19.306, 100.0, 0.5
916, 46.532, 19.861, 100.0, 0.5
917, 46.106, 19.560, 100.0, 0.5
918, 46.065, 19.306, 100.0, 0.5
919, 48.490, 18.897, 100.0, 0.5
920, 46.065, 19.306, 100.0, 0.5
921, 47.403, 20.270, 100.0, 0.5
922, 46.534, 19.520, 100.0, 0.5
923, 46.548, 18.632, 100.0, 0.5
924, 46.098, 19.380, 100.0, 0.5
925, 48.013, 18.896, 100.0, 0.5
926, 46.050, 19.479, 100.0, 0.5
927, 46.105, 19.622, 100.0, 0.5
928, 47.888, 19.627, 100.0, 0.5
929, 46.040, 19.447, 100.0, 0.5
930, 46.040, 19.447, 100.0, 0.5
931, 46.539, 19.296, 100.0, 0.5
932, 46.397, 19.276, 100.0, 0.5
933, 46.133, 19.379, 100.0, 0.5
934, 46.140, 19.469, 100.0, 0.5
935, 46.452, 19.900, 100.0, 0.5
936, 46.063, 19.410, 100.0, 0.5
937, 46.071, 19.448, 100.0, 0.5
938, 46.040, 19.447, 100.0, 0.5
939, 46.122, 19.917, 100.0, 0.5
940, 46.618, 18.990, 100.0, 0.5
941, 46.040, 19.447, 100.0, 0.5
942, 46.172, 19.512, 100.0, 0.5
943, 46.040, 19.447, 100.0, 0.5
944, 46.284, 19.506, 100.0, 0.5
945, 47.666, 20.966, 100.0, 0.5
946, 46.004, 19.437, 100.0, 0.5
947, 46.004, 19.437, 100.0, 0.5
948, 46.947, 20.274, 100.0, 0.5
949, 46.861, 20.495, 100.0, 0.5
950, 46.017, 19.436, 100.0, 0.5
951, 46.004, 19.437, 100.0, 0.5
952, 46.218, 19.685, 100.0, 0.5
953, 46.342, 19.826, 100.0, 0.5
954, 45.985, 19.275, 100.0, 0.5
955, 46.065, 19.333, 100.0, 0.5
956, 46.116, 19.121, 100.0, 0.5
957, 45.985, 19.275, 100.0, 0.5
958, 47.956, 18.929, 100.0, 0.5
959, 45.985, 19.275, 100.0, 0.5
960, 45.985, 19.275, 100.0, 0.5
961, 45.985, 19.275, 100.0, 0.5
962, 87.048, 37.160, 100.0, 0.5
963, 45.985, 19.275, 100.0, 0.5
964, 46.276, 19.215, 100.0, 0.5
965, 83.651, 31.006, 100.0, 0.5
966, 46.817, 20.186, 100.0, 0.5
967, 45.978, 19.254, 100.0, 0.5
968, 45.978, 19.254, 100.0, 0.5
969, 45.978, 19.254, 100.0, 0.5
970, 46.193, 19.191, 100.0, 0.5
971, 45.970, 19.583, 100.0, 0.5
972, 46.093, 19.637, 100.0, 0.5
973, 47.530, 19.137, 100.0, 0.5
974, 46.196, 19.503, 100.0, 0.5
975, 46.116, 19.647, 100.0, 0.5
976, 45.967, 19.534, 100.0, 0.5
977, 51.385, 23.077, 100.0, 0.5
978, 45.967, 19.534, 100.0, 0.5
979, 49.669, 22.129, 100.0, 0.5
980, 47.215, 19.124, 100.0, 0.5
981, 45.969, 19.528, 100.0, 0.5
982, 46.331, 19.405, 100.0, 0.5
983, 46.654, 19.171, 100.0, 0.5
984, 46.394, 19.262, 100.0, 0.5
985, 46.444, 19.060, 100.0, 0.5
986, 45.967, 19.534, 100.0, 0.5
987, 45.980, 19.234, 100.0, 0.5
988, 46.738, 19.820, 100.0, 0.5
989, 46.069, 19.413, 100.0, 0.5
990, 46.054, 19.450, 100.0, 0.5
991, 45.999, 19.603, 100.0, 0.5
992, 45.967, 19.534, 100.0, 0.5
993, 46.228, 19.452, 100.0, 0.5
994, 51.421, 23.098, 100.0, 0.5
995, 46.278, 19.317, 100.0, 0.5
996, 45.967, 19.534, 100.0, 0.5
997, 46.179, 19.768, 100.0, 0.5
998, 46.381, 18.833, 100.0, 0.5
999, 45.941, 19.527, 100.0, 0.5
1000, 45.941, 19.527, 100.0, 0.5
1001, 45.941, 19.527, 100.0, 0.5
1002, 46.271, 19.714, 100.0, 0.5
1003, 45.941, 19.527, 100.0, 0.5
1004, 46.897, 19.837, 100.0, 0.5
1005, 46.255, 19.789, 100.0, 0.5
1006, 49.741, 19.091, 100.0, 0.5
1007, 46.437, 19.999, 100.0, 0.5
1008, 59.072, 26.015, 100.0, 0.5
1009, 45.941, 19.527, 100.0, 0.5
1010, 46.043, 19.001, 100.0, 0.5
1011, 45.975, 19.602, 100.0, 0.5
1012, 45.967, 19.550, 100.0, 0.5
1013, 46.157, 19.458, 100.0, 0.5
1014, 55.347, 22.666, 100.0, 0.5
1015, 47.154, 20.482, 100.0, 0.5
1016, 60.363, 26.559, 100.0, 0.5
1017, 65.113, 27.720, 100.0, 0.5
1018, 46.017, 19.657, 100.0, 0.5
1019, 97.531, 42.510, 100.0, 0.5
1020, 51.204, 22.912, 100.0, 0.5
1021, 45.812, 19.724, 100.0, 0.5
1022, 46.913, 20.111, 100.0, 0.5
1023, 46.888, 20.507, 100.0, 0.5
1024, 45.924, 19.687, 100.0, 0.5
1025, 45.958, 19.766, 100.0, 0.5
1026, 64.959, 27.680, 100.0, 0.5
1027, 45.923, 19.843, 100.0, 0.5
1028, 45.812, 19.724, 100.0, 0.5
1029, 46.192, 19.945, 100.0, 0.5
1030, 47.554, 19.084, 100.0, 0.5
1031, 45.812, 19.724, 100.0, 0.5
1032, 45.812, 19.724, 100.0, 0.5
1033, 55.649, 24.611, 100.0, 0.5
1034, 45.812, 19.724, 100.0, 0.5
1035, 45.812, 19.724, 100.0, 0.5
1036, 45.812, 19.724, 100.0, 0.5
1037, 98.213, 43.119, 100.0, 0.5
1038, 45.812, 19.724, 100.0, 0.5
1039, 45.974, 19.616, 100.0, 0.5
1040, 45.812, 19.724, 100.0, 0.5
1041, 46.464, 20.283, 100.0, 0.5
1042, 45.812, 19.724, 100.0, 0.5
1043, 45.812, 19.724, 100.0, 0.5
1044, 45.811, 19.727, 100.0, 0.5
1045, 45.811, 19.727, 100.0, 0.5
1046, 45.811, 19.727, 100.0, 0.5
1047, 47.977, 21.472, 100.0, 0.5
1048, 46.157, 19.940, 100.0, 0.5
1049, 45.811, 19.727, 100.0, 0.5
1050, 45.853, 19.709, 100.0, 0.5
1051, 45.811, 19.727, 100.0, 0.5
1052, 45.814, 19.717, 100.0, 0.5
1053, 45.811, 19.727, 100.0, 0.5
1054, 45.811, 19.727, 100.0, 0.5
1055, 45.811, 19.727, 100.0, 0.5
1056, 45.885, 19.813, 100.0, 0.5
1057, 46.158, 20.292, 100.0, 0.5
1058, 45.866, 19.813, 100.0, 0.5
1059, 59.747, 28.038, 100.0, 0.5
1060, 45.781, 19.485, 100.0, 0.5
1061, 45.911, 19.577, 100.0, 0.5
1062, 49.305, 18.894, 100.0, 0.5
1063, 61.969, 27.357, 100.0, 0.5
1064, 59.017, 25.065, 100.0, 0.5
1065, 45.781, 19.485, 100.0, 0.5
1066, 45.758, 19.430, 100.0, 0.5
1067, 50.845, 23.324, 100.0, 0.5
1068, 46.004, 20.021, 100.0, 0.5
1069, 45.777, 19.431, 100.0, 0.5
1070, 45.751, 19.446, 100.0, 0.5
1071, 45.751, 19.446, 100.0, 0.5
1072, 46.061, 19.362, 100.0, 0.5
1073, 45.882, 19.280, 100.0, 0.5
1074, 45.751, 19.446, 100.0, 0.5
1075, 45.731, 19.536, 100.0, 0.5
1076, 45.731, 19.536, 100.0, 0.5
1077, 45.729, 19.541, 100.0, 0.5
1078, 46.808, 20.692, 100.0, 0.5
1079, 45.763, 19.507, 100.0, 0.5
1080, 45.729, 19.541, 100.0, 0.5
1081, 46.700, 20.497, 100.0, 0.5
1082, 46.071, 19.959, 100.0, 0.5
1083, 62.740, 25.085, 100.0, 0.5
1084, 45.791, 19.534, 100.0, 0.5
1085, 52.901, 24.153, 100.0, 0.5
1086, 48.354, 18.942, 100.0, 0.5
1087, 46.035, 20.097, 100.0, 0.5
1088, 45.739, 19.508, 100.0, 0.5
1089, 45.799, 19.484, 100.0, 0.5
1090, 45.875, 19.662, 100.0, 0.5
1091, 45.729, 19.541, 100.0, 0.5
1092, 45.729, 19.541, 100.0, 0.5
1093, 45.786, 19.517, 100.0, 0.5
1094, 45.902, 20.001, 100.0, 0.5
1095, 46.070, 19.733, 100.0, 0.5
1096, 45.995, 19.270, 100.0, 0.5
1097, 45.792, 19.550, 100.0, 0.5
1098, 57.664, 23.448, 100.0, 0.5
1099, 45.791, 19.551, 100.0, 0.5
1100, 46.165, 19.834, 100.0, 0.5
1101, 45.729, 19.541, 100.0, 0.5
1102, 45.802, 19.705, 100.0, 0.5
1103, 45.795, 19.580, 100.0, 0.5
1104, 46.518, 19.759, 100.0, 0.5
1105, 45.930, 20.034, 100.0, 0.5
1106, 45.729, 19.541, 100.0, 0.5
1107, 45.785, 19.667, 100.0, 0.5
1108, 107.001, 47.350, 100.0, 0.5
1109, 45.729, 19.541, 100.0, 0.5
1110, 59.220, 27.625, 100.0, 0.5
1111, 46.235, 19.413, 100.0, 0.5
1112, 45.729, 19.541, 100.0, 0.5
1113, 46.491, 20.253, 100.0, 0.5
1114, 45.729, 19.541, 100.0, 0.5
1115, 45.729, 19.541, 100.0, 0.5
1116, 45.729, 19.541, 100.0, 0.5
1117, 45.889, 18.967, 100.0, 0.5
1118, 45.744, 19.594, 100.0, 0.5
1119, 46.583, 19.111, 100.0, 0.5
1120, 47.885, 19.007, 100.0, 0.5
1121, 46.771, 20.417, 100.0, 0.5
1122, 45.929, 19.753, 100.0, 0.5
1123, 54.826, 25.239, 100.0, 0.5
1124, 45.822, 19.645, 100.0, 0.5
1125, 45.729, 19.541, 100.0, 0.5
1126, 45.748, 19.563, 100.0, 0.5
1127, 57.153, 26.517, 100.0, 0.5
1128, 53.424, 23.975, 100.0, 0.5
1129, 67.492, 28.566, 100.0, 0.5
1130, 45.757, 19.650, 100.0, 0.5
1131, 46.509, 19.760, 100.0, 0.5
1132, 46.747, 19.392, 100.0, 0.5
1133, 45.886, 19.619, 100.0, 0.5
1134, 46.475, 19.363, 100.0, 0.5
1135, 46.020, 19.674, 100.0, 0.5
1136, 45.729, 19.541, 100.0, 0.5
1137, 45.741, 19.530, 100.0, 0.5
1138, 45.819, 19.552, 100.0, 0.5
1139, 46.192, 19.769, 100.0, 0.5
1140, 45.729, 19.541, 100.0, 0.5
1141, 46.133, 19.448, 100.0, 0.5
1142, 45.729, 19.541, 100.0, 0.5
1143, 45.774, 19.433, 100.0, 0.5
1144, 45.791, 19.489, 100.0, 0.5
1145, 47.000, 19.963, 100.0, 0.5
1146, 46.177, 18.857, 100.0, 0.5
1147, 45.844, 19.650, 100.0, 0.5
1148, 46.274, 19.795, 100.0, 0.5
1149, 46.604, 19.753, 100.0, 0.5
1150, 46.248, 20.079, 100.0, 0.5
1151, 45.821, 19.646, 100.0, 0.5
1152, 45.729, 19.541, 100.0, 0.5
1153, 46.203, 19.734, 100.0, 0.5
1154, 45.804, 19.693, 100.0, 0.5
1155, 46.804, 19.484, 100.0, 0.5
1156, 45.729, 19.541, 100.0, 0.5
1157, 46.162, 19.893, 100.0, 0.5
1158, 45.729, 19.541, 100.0, 0.5
1159, 45.781, 19.532, 100.0, 0.5
1160, 46.058, 19.467, 100.0, 0.5
1161, 45.729, 19.541, 100.0, 0.5
1162, 45.771, 19.178, 100.0, 0.5
1163, 46.013, 19.358, 100.0, 0.5
1164, 45.827, 19.638, 100.0, 0.5
1165, 45.836, 19.871, 100.0, 0.5
1166, 45.729, 19.541, 100.0, 0.5
1167, 45.740, 19.530, 100.0, 0.5
1168, 45.737, 19.546, 100.0, 0.5
1169, 45.729, 19.541, 100.0, 0.5
1170, 46.576, 20.297, 100.0, 0.5
1171, 45.869, 19.581, 100.0, 0.5
1172, 45.946, 19.471, 100.0, 0.5
1173, 45.729, 19.541, 100.0, 0.5
1174, 60.681, 26.675, 100.0, 0.5
1175, 45.731, 19.618, 100.0, 0.5
1176, 45.729, 19.541, 100.0, 0.5
1177, 52.655, 23.660, 100.0, 0.5
1178, 45.817, 19.474, 100.0, 0.5
1179, 46.144, 19.769, 100.0, 0.5
1180, 53.322, 23.934, 100.0, 0.5
1181, 47.102, 20.091, 100.0, 0.5
1182, 45.729, 19.541, 100.0, 0.5
1183, 45.726, 19.544, 100.0, 0.5
1184, 46.089, 19.654, 100.0, 0.5
1185, 46.813, 20.480, 100.0, 0.5
1186, 46.014, 19.808, 100.0, 0.5
1187, 45.749, 19.505, 100.0, 0.5
1188, 49.038, 19.104, 100.0, 0.5
1189, 45.726, 19.544, 100.0, 0.5
1190, 50.221, 19.067, 100.0, 0.5
1191, 45.726, 19.544, 100.0, 0.5
1192, 48.923, 19.030, 100.0, 0.5
1193, 45.730, 19.539, 100.0, 0.5
1194, 45.938, 20.068, 100.0, 0.5
1195, 68.281, 28.841, 100.0, 0.5
1196, 46.579, 19.834, 100.0, 0.5
1197, 87.786, 32.646, 100.0, 0.5
1198, 45.879, 19.597, 100.0, 0.5
1199, 45.749, 19.596, 100.0, 0.5
1200, 45.756, 19.495, 100.0, 0.5
1201, 45.959, 19.489, 100.0, 0.5
1202, 45.710, 19.595, 100.0, 0.5
1203, 45.711, 19.542, 100.0, 0.5
1204, 87.226, 37.514, 100.0, 0.5
1205, 46.039, 20.021, 100.0, 0.5
1206, 45.709, 19.550, 100.0, 0.5
1207, 45.879, 20.050, 100.0, 0.5
1208, 45.718, 19.556, 100.0, 0.5
1209, 46.656, 19.514, 100.0, 0.5
1210, 56.654, 26.887, 100.0, 0.5
1211, 45.726, 19.489, 100.0, 0.5
1212, 45.803, 19.452, 100.0, 0.5
1213, 45.709, 19.550, 100.0, 0.5
1214, 45.709, 19.550, 100.0, 0.5
1215, 45.709, 19.550, 100.0, 0.5
1216, 51.701, 23.276, 100.0, 0.5
1217, 45.709, 19.550, 100.0, 0.5
1218, 47.705, 19.722, 100.0, 0.5
1219, 46.039, 20.016, 100.0, 0.5
1220, 45.743, 19.731, 100.0, 0.5
1221, 50.676, 19.043, 100.0, 0.5
1222, 45.709, 19.550, 100.0, 0.5
1223, 46.102, 19.269, 100.0, 0.5
1224, 45.709, 19.550, 100.0, 0.5
1225, 47.642, 21.210, 100.0, 0.5
1226, 45.904, 19.459, 100.0, 0.5
1227, 45.709, 19.550, 100.0, 0.5
1228, 49.318, 19.086, 100.0, 0.5
1229, 45.709, 19.550, 100.0, 0.5
1230, 45.709, 19.550, 100.0, 0.5
1231, 45.707, 19.583, 100.0, 0.5
1232, 45.707, 19.583, 100.0, 0.5
1233, 45.707, 19.583, 100.0, 0.5
1234, 45.707, 19.583, 100.0, 0.5
1235, 45.707, 19.583, 100.0, 0.5
1236, 45.707, 19.579, 100.0, 0.5
1237, 46.266, 19.513, 100.0, 0.5
1238, 45.716, 19.648, 100.0, 0.5
1239, 45.961, 19.625, 100.0, 0.5
1240, 45.707, 19.579, 100.0, 0.5
1241, 45.893, 19.531, 100.0, 0.5
1242, 45.728, 19.569, 100.0, 0.5
1243, 45.854, 19.982, 100.0, 0.5
1244, 45.978, 20.048, 100.0, 0.5
1245, 68.962, 29.089, 100.0, 0.5
1246, 45.836, 19.510, 100.0, 0.5
1247, 67.642, 28.468, 100.0, 0.5
1248, 61.617, 24.640, 100.0, 0.5
1249, 45.707, 19.579, 100.0, 0.5
1250, 45.737, 19.711, 100.0, 0.5
1251, 45.824, 19.669, 100.0, 0.5
1252, 45.686, 19.641, 100.0, 0.5
1253, 45.759, 19.752, 100.0, 0.5
1254, 45.686, 19.641, 100.0, 0.5
1255, 45.686, 19.641, 100.0, 0.5
1256, 45.737, 19.553, 100.0, 0.5
1257, 45.860, 19.591, 100.0, 0.5
1258, 45.686, 19.641, 100.0, 0.5
1259, 46.676, 20.464, 100.0, 0.5
1260, 46.863, 19.128, 100.0, 0.5
1261, 45.691, 19.633, 100.0, 0.5
1262, 46.105, 19.955, 100.0, 0.5
1263, 47.878, 20.469, 100.0, 0.5
1264, 50.400, 19.090, 100.0, 0.5
1265, 45.805, 19.524, 100.0, 0.5
1266, 45.965, 19.817, 100.0, 0.5
1267, 45.686, 19.641, 100.0, 0.5
1268, 45.686, 19.641, 100.0, 0.5
1269, 45.700, 19.660, 100.0, 0.5
1270, 45.686, 19.641, 100.0, 0.5
1271, 46.036, 19.582, 100.0, 0.5
1272, 45.774, 19.806, 100.0, 0.5
1273, 45.756, 19.753, 100.0, 0.5
1274, 45.685, 19.652, 100.0, 0.5
1275, 46.314, 19.867, 100.0, 0.5
1276, 51.089, 23.617, 100.0, 0.5
1277, 45.685, 19.652, 100.0, 0.5
1278, 45.685, 19.652, 100.0, 0.5
1279, 45.685, 19.652, 100.0, 0.5
1280, 45.840, 19.787, 100.0, 0.5
1281, 45.707, 19.683, 100.0, 0.5
1282, 46.678, 20.467, 100.0, 0.5
1283, 45.680, 19.601, 100.0, 0.5
1284, 45.923, 19.693, 100.0, 0.5
1285, 45.868, 19.826, 100.0, 0.5
1286, 45.970, 19.465, 100.0, 0.5
1287, 46.602, 19.527, 100.0, 0.5
1288, 46.904, 20.909, 100.0, 0.5
1289, 49.344, 22.185, 100.0, 0.5
1290, 45.680, 19.601, 100.0, 0.5
1291, 45.680, 19.601, 100.0, 0.5
1292, 47.285, 20.939, 100.0, 0.5
1293, 45.680, 19.601, 100.0, 0.5
1294, 45.680, 19.601, 100.0, 0.5
1295, 46.016, 19.411, 100.0, 0.5
1296, 45.730, 19.687, 100.0, 0.5
1297, 45.680, 19.601, 100.0, 0.5
1298, 45.680, 19.601, 100.0, 0.5
1299, 45.955, 19.551, 100.0, 0.5
1300, 45.698, 19.534, 100.0, 0.5
1301, 46.505, 19.904, 100.0, 0.5
1302, 86.027, 32.068, 100.0, 0.5
1303, 45.912, 19.482, 100.0, 0.5
1304, 48.329, 18.973, 100.0, 0.5
1305, 45.680, 19.601, 100.0, 0.5
1306, 45.680, 19.601, 100.0, 0.5
1307, 45.680, 19.601, 100.0, 0.5
1308, 50.725, 22.904, 100.0, 0.5
1309, 47.434, 21.235, 100.0, 0.5
1310, 45.781, 19.818, 100.0, 0.5
1311, 45.752, 19.848, 100.0, 0.5
1312, 45.680, 19.601, 100.0, 0.5
1313, 45.849, 19.616, 100.0, 0.5
1314, 45.999, 19.666, 100.0, 0.5
1315, 45.680, 19.601, 100.0, 0.5
1316, 49.154, 22.156, 100.0, 0.5
1317, 45.815, 19.622, 100.0, 0.5
1318, 110.405, 49.065, 100.0, 0.5
1319, 45.680, 19.601, 100.0, 0.5
1320, 83.310, 35.417, 100.0, 0.5
1321, 45.680, 19.601, 100.0, 0.5
1322, 45.680, 19.601, 100.0, 0.5
1323, 46.823, 19.995, 100.0, 0.5
1324, 67.872, 28.743, 100.0, 0.5
1325, 45.694, 19.609, 100.0, 0.5
1326, 45.680, 19.601, 100.0, 0.5
1327, 46.374, 19.861, 100.0, 0.5
1328, 46.129, 19.207, 100.0, 0.5
1329, 51.291, 23.358, 100.0, 0.5
1330, 79.602, 29.933, 100.0, 0.5
1331, 46.486, 19.898, 100.0, 0.5
1332, 45.680, 19.601, 100.0, 0.5
1333, 45.878, 19.543, 100.0, 0.5
1334, 45.680, 19.601, 100.0, 0.5
1335, 46.074, 19.923, 100.0, 0.5
1336, 45.925, 19.676, 100.0, 0.5
1337, 45.680, 19.601, 100.0, 0.5
1338, 45.680, 19.601, 100.0, 0.5
1339, 61.572, 27.165, 100.0, 0.5
1340, 45.837, 19.612, 100.0, 0.5
1341, 45.723, 19.658, 100.0, 0.5
1342, 46.104, 20.315, 100.0, 0.5
1343, 45.739, 19.552, 100.0, 0.5
1344, 45.874, 19.546, 100.0, 0.5
1345, 46.228, 19.810, 100.0, 0.5
1346, 45.680, 19.601, 100.0, 0.5
1347, 45.680, 19.601, 100.0, 0.5
1348, 45.755, 19.689, 100.0, 0.5
1349, 45.680, 19.601, 100.0, 0.5
1350, 45.675, 19.611, 100.0, 0.5
1351, 60.216, 26.622, 100.0, 0.5
1352, 45.676, 19.605, 100.0, 0.5
1353, 51.696, 20.664, 100.0, 0.5
1354, 82.434, 30.842, 100.0, 0.5
1355, 45.675, 19.611, 100.0, 0.5
1356, 45.675, 19.611, 100.0, 0.5
1357, 45.728, 19.487, 100.0, 0.5
1358, 45.675, 19.611, 100.0, 0.5
1359, 45.802, 19.087, 100.0, 0.5
1360, 46.225, 19.477, 100.0, 0.5
1361, 47.633, 21.330, 100.0, 0.5
1362, 46.458, 20.299, 100.0, 0.5
1363, 45.675, 19.611, 100.0, 0.5
1364, 47.275, 21.033, 100.0, 0.5
1365, 45.975, 19.067, 100.0, 0.5
1366, 46.001, 19.986, 100.0, 0.5
1367, 45.922, 19.833, 100.0, 0.5
1368, 45.737, 19.195, 100.0, 0.5
1369, 50.622, 22.855, 100.0, 0.5
1370, 45.675, 19.611, 100.0, 0.5
1371, 45.686, 19.602, 100.0, 0.5
1372, 45.930, 19.839, 100.0, 0.5
1373, 45.770, 19.714, 100.0, 0.5
1374, 45.877, 19.776, 100.0, 0.5
1375, 47.098, 20.688, 100.0, 0.5
1376, 45.680, 19.643, 100.0, 0.5
1377, 45.926, 19.710, 100.0, 0.5
1378, 45.675, 19.611, 100.0, 0.5
1379, 45.743, 19.591, 100.0, 0.5
1380, 45.675, 19.611, 100.0, 0.5
1381, 45.682, 19.617, 100.0, 0.5
1382, 67.937, 28.761, 100.0, 0.5
1383, 45.937, 19.707, 100.0, 0.5
1384, 45.701, 19.663, 100.0, 0.5
1385, 45.832, 19.718, 100.0, 0.5
1386, 45.861, 19.764, 100.0, 0.5
1387, 57.006, 24.449, 100.0, 0.5
1388, 46.308, 20.438, 100.0, 0.5
1389, 46.529, 20.231, 100.0, 0.5
1390, 45.711, 19.659, 100.0, 0.5
1391, 46.841, 20.541, 100.0, 0.5
1392, 45.677, 19.608, 100.0, 0.5
1393, 45.725, 19.734, 100.0, 0.5
1394, 45.675, 19.611, 100.0, 0.5
1395, 45.675, 19.611, 100.0, 0.5
1396, 48.949, 19.069, 100.0, 0.5
1397, 46.202, 19.489, 100.0, 0.5
1398, 45.882, 20.034, 100.0, 0.5
1399, 46.177, 19.486, 100.0, 0.5
1400, 45.891, 19.015, 100.0, 0.5
1401, 45.675, 19.611, 100.0, 0.5
1402, 53.682, 23.969, 100.0, 0.5
1403, 46.306, 20.207, 100.0, 0.5
1404, 45.895, 19.898, 100.0, 0.5
1405, 45.675, 19.611, 100.0, 0.5
1406, 46.869, 19.114, 100.0, 0.5
1407, 45.675, 19.611, 100.0, 0.5
1408, 46.222, 20.045, 100.0, 0.5
1409, 45.790, 19.718, 100.0, 0.5
1410, 53.561, 25.130, 100.0, 0.5
1411, 52.143, 23.290, 100.0, 0.5
1412, 45.675, 19.611, 100.0, 0.5
1413, 46.122, 19.781, 100.0, 0.5
1414, 60.130, 26.579, 100.0, 0.5
1415, 46.260, 19.871, 100.0, 0.5
1416, 45.675, 19.611, 100.0, 0.5
1417, 45.837, 19.858, 100.0, 0.5
1418, 45.675, 19.611, 100.0, 0.5
1419, 88.386, 32.915, 100.0, 0.5
1420, 45.825, 19.665, 100.0, 0.5
1421, 45.675, 19.611, 100.0, 0.5
1422, 45.675, 19.611, 100.0, 0.5
1423, 46.222, 19.821, 100.0, 0.5
1424, 45.675, 19.611, 100.0, 0.5
1425, 45.767, 19.447, 100.0, 0.5
1426, 45.798, 19.627, 100.0, 0.5
1427, 83.507, 31.202, 100.0, 0.5
1428, 45.675, 19.611, 100.0, 0.5
1429, 45.816, 19.597, 100.0, 0.5
1430, 46.005, 20.164, 100.0, 0.5
1431, 52.660, 23.713, 100.0, 0.5
1432, 45.675, 19.611, 100.0, 0.5
1433, 45.675, 19.611, 100.0, 0.5
1434, 45.675, 19.611, 100.0, 0.5
1435, 47.094, 20.686, 100.0, 0.5
1436, 45.675, 19.611, 100.0, 0.5
1437, 45.846, 19.776, 100.0, 0.5
1438, 46.137, 20.287, 100.0, 0.5
1439, 47.178, 19.026, 100.0, 0.5
1440, 45.674, 19.644, 100.0, 0.5
1441, 45.674, 19.644, 100.0, 0.5
1442, 45.729, 19.468, 100.0, 0.5
1443, 45.674, 19.644, 100.0, 0.5
1444, 45.749, 19.623, 100.0, 0.5
1445, 45.674, 19.644, 100.0, 0.5
1446, 46.061, 19.862, 100.0, 0.5
1447, 46.364, 20.272, 100.0, 0.5
1448, 45.674, 19.644, 100.0, 0.5
1449, 46.605, 20.545, 100.0, 0.5
1450, 45.674, 19.644, 100.0, 0.5
1451, 46.002, 20.043, 100.0, 0.5
1452, 45.674, 19.644, 100.0, 0.5
1453, 45.815, 19.545, 100.0, 0.5
1454, 45.674, 19.657, 100.0, 0.5
1455, 45.674, 19.644, 100.0, 0.5
1456, 48.562, 21.956, 100.0, 0.5
1457, 45.674, 19.644, 100.0, 0.5
1458, 46.812, 19.613, 100.0, 0.5
1459, 45.694, 19.757, 100.0, 0.5
1460, 46.062, 19.517, 100.0, 0.5
1461, 45.703, 19.758, 100.0, 0.5
1462, 46.129, 20.294, 100.0, 0.5
1463, 45.673, 19.589, 100.0, 0.5
1464, 45.790, 19.869, 100.0, 0.5
1465, 46.610, 19.957, 100.0, 0.5
1466, 70.019, 27.415, 100.0, 0.5
1467, 45.682, 19.583, 100.0, 0.5
1468, 47.436, 19.723, 100.0, 0.5
1469, 111.843, 49.768, 100.0, 0.5
1470, 62.245, 27.494, 100.0, 0.5
1471, 45.673, 19.589, 100.0, 0.5
1472, 68.443, 28.937, 100.0, 0.5
1473, 45.726, 19.672, 100.0, 0.5
1474, 51.592, 23.302, 100.0, 0.5
1475, 46.075, 19.514, 100.0, 0.5
1476, 49.438, 18.922, 100.0, 0.5
1477, 81.674, 30.501, 100.0, 0.5
1478, 46.205, 19.852, 100.0, 0.5
1479, 45.702, 19.711, 100.0, 0.5
1480, 58.557, 28.055, 100.0, 0.5
1481, 57.240, 27.292, 100.0, 0.5
1482, 45.947, 19.464, 100.0, 0.5
1483, 46.184, 20.146, 100.0, 0.5
1484, 96.856, 42.428, 100.0, 0.5
1485, 51.470, 19.353, 100.0, 0.5
1486, 45.673, 19.589, 100.0, 0.5
1487, 45.673, 19.589, 100.0, 0.5
1488, 49.951, 22.529, 100.0, 0.5
1489, 59.472, 26.325, 100.0, 0.5
1490, 46.123, 20.230, 100.0, 0.5
1491, 45.673, 19.589, 100.0, 0.5
1492, 45.673, 19.589, 100.0, 0.5
1493, 45.759, 19.689, 100.0, 0.5
1494, 46.216, 19.841, 100.0, 0.5
1495, 45.675, 19.641, 100.0, 0.5
1496, 46.750, 20.496, 100.0, 0.5
1497, 50.594, 22.840, 100.0, 0.5
1498, 46.561, 19.915, 100.0, 0.5
1499, 45.673, 19.589, 100.0, 0.5
1500, 45.726, 19.429, 100.0, 0.5
1501, 46.510, 19.830, 100.0, 0.5
1502, 46.750, 19.016, 100.0, 0.5
1503, 45.673, 19.589, 100.0, 0.5
1504, 45.673, 19.589, 100.0, 0.5
1505, 45.729, 19.534, 100.0, 0.5
1506, 45.686, 19.569, 100.0, 0.5
1507, 46.383, 20.278, 100.0, 0.5
1508, 46.399, 19.526, 100.0, 0.5
1509, 45.667, 19.552, 100.0, 0.5
1510, 45.884, 19.377, 100.0, 0.5
1511, 46.267, 20.020, 100.0, 0.5
1512, 45.703, 19.496, 100.0, 0.5
1513, 64.543, 26.261, 100.0, 0.5
1514, 45.667, 19.552, 100.0, 0.5
1515, 46.637, 20.238, 100.0, 0.5
1516, 45.667, 19.552, 100.0, 0.5
1517, 45.700, 19.547, 100.0, 0.5
1518, 45.747, 19.541, 100.0, 0.5
1519, 83.291, 35.205, 100.0, 0.5
1520, 45.667, 19.552, 100.0, 0.5
1521, 45.671, 19.616, 100.0, 0.5
1522, 46.508, 19.451, 100.0, 0.5
1523, 46.104, 19.738, 100.0, 0.5
1524, 45.729, 19.664, 100.0, 0.5
1525, 52.824, 23.643, 100.0, 0.5
1526, 69.152, 29.190, 100.0, 0.5
1527, 45.667, 19.552, 100.0, 0.5
1528, 75.243, 30.714, 100.0, 0.5
1529, 52.773, 23.594, 100.0, 0.5
1530, 45.667, 19.552, 100.0, 0.5
1531, 46.458, 19.802, 100.0, 0.5
1532, 45.667, 19.552, 100.0, 0.5
1533, 47.592, 21.223, 100.0, 0.5
1534, 115.409, 51.541, 100.0, 0.5
1535, 45.667, 19.552, 100.0, 0.5
1536, 45.667, 19.552, 100.0, 0.5
1537, 45.700, 19.612, 100.0, 0.5
1538, 45.838, 19.536, 100.0, 0.5
1539, 45.979, 19.402, 100.0, 0.5
1540, 45.667, 19.552, 100.0, 0.5
1541, 45.656, 19.553, 100.0, 0.5
1542, 45.808, 19.603, 100.0, 0.5
1543, 80.601, 30.148, 100.0, 0.5
1544, 45.706, 19.546, 100.0, 0.5
1545, 45.656, 19.552, 100.0, 0.5
1546, 45.793, 19.436, 100.0, 0.5
1547, 45.681, 19.544, 100.0, 0.5
1548, 45.656, 19.553, 100.0, 0.5
1549, 46.722, 19.065, 100.0, 0.5
1550, 45.656, 19.553, 100.0, 0.5
1551, 45.656, 19.553, 100.0, 0.5
1552, 45.656, 19.553, 100.0, 0.5
1553, 46.054, 19.507, 100.0, 0.5
1554, 46.174, 19.801, 100.0, 0.5
1555, 45.905, 19.804, 100.0, 0.5
1556, 45.718, 19.665, 100.0, 0.5
1557, 45.660, 19.550, 100.0, 0.5
1558, 45.832, 19.615, 100.0, 0.5
1559, 45.748, 19.677, 100.0, 0.5
1560, 46.082, 19.898, 100.0, 0.5
1561, 45.989, 19.394, 100.0, 0.5
1562, 45.657, 19.584, 100.0, 0.5
1563, 45.656, 19.553, 100.0, 0.5
1564, 45.983, 20.133, 100.0, 0.5
1565, 45.656, 19.553, 100.0, 0.5
1566, 45.684, 19.254, 100.0, 0.5
1567, 112.810, 50.224, 100.0, 0.5
1568, 45.752, 19.652, 100.0, 0.5
1569, 45.908, 19.390, 100.0, 0.5
1570, 45.656, 19.553, 100.0, 0.5
1571, 46.636, 19.925, 100.0, 0.5
1572, 45.656, 19.553, 100.0, 0.5
1573, 45.676, 19.762, 100.0, 0.5
1574, 75.063, 28.542, 100.0, 0.5
1575, 46.621, 19.130, 100.0, 0.5
1576, 45.656, 19.553, 100.0, 0.5
1577, 45.656, 19.553, 100.0, 0.5
1578, 45.654, 19.565, 100.0, 0.5
1579, 49.420, 18.955, 100.0, 0.5
1580, 45.654, 19.565, 100.0, 0.5
1581, 46.407, 19.814, 100.0, 0.5
1582, 54.819, 25.900, 100.0, 0.5
1583, 45.654, 19.565, 100.0, 0.5
1584, 46.263, 19.844, 100.0, 0.5
1585, 45.715, 19.669, 100.0, 0.5
1586, 63.298, 26.101, 100.0, 0.5
1587, 45.688, 19.556, 100.0, 0.5
1588, 115.121, 51.394, 100.0, 0.5
1589, 68.969, 29.123, 100.0, 0.5
1590, 56.978, 26.600, 100.0, 0.5
1591, 46.085, 19.908, 100.0, 0.5
1592, 45.654, 19.565, 100.0, 0.5
1593, 45.929, 19.738, 100.0, 0.5
1594, 45.799, 19.008, 100.0, 0.5
1595, 45.654, 19.565, 100.0, 0.5
1596, 45.654, 19.565, 100.0, 0.5
1597, 49.378, 22.189, 100.0, 0.5
1598, 46.294, 19.161, 100.0, 0.5
1599, 45.686, 19.617, 100.0, 0.5
1600, 46.693, 20.463, 100.0, 0.5
1601, 45.789, 19.538, 100.0, 0.5
1602, 49.480, 22.257, 100.0, 0.5
1603, 45.654, 19.565, 100.0, 0.5
1604, 45.759, 19.771, 100.0, 0.5
1605, 46.176, 20.110, 100.0, 0.5
1606, 45.654, 19.565, 100.0, 0.5
1607, 45.654, 19.565, 100.0, 0.5
1608, 45.664, 19.548, 100.0, 0.5
1609, 48.524, 21.766, 100.0, 0.5
1610, 45.875, 19.808, 100.0, 0.5
1611, 69.133, 27.995, 100.0, 0.5
1612, 46.415, 19.480, 100.0, 0.5
1613, 45.731, 19.661, 100.0, 0.5
1614, 45.977, 19.412, 100.0, 0.5
1615, 46.432, 19.813, 100.0, 0.5
1616, 45.973, 19.754, 100.0, 0.5
1617, 45.673, 19.286, 100.0, 0.5
1618, 45.652, 19.563, 100.0, 0.5
1619, 45.785, 19.914, 100.0, 0.5
1620, 45.926, 19.421, 100.0, 0.5
1621, 59.852, 26.390, 100.0, 0.5
1622, 45.652, 19.563, 100.0, 0.5
1623, 46.247, 20.160, 100.0, 0.5
1624, 45.652, 19.563, 100.0, 0.5
1625, 45.658, 19.549, 100.0, 0.5
1626, 49.054, 19.057, 100.0, 0.5
1627, 50.910, 22.936, 100.0, 0.5
1628, 113.812, 50.731, 100.0, 0.5
1629, 46.574, 20.606, 100.0, 0.5
1630, 45.652, 19.563, 100.0, 0.5
1631, 45.810, 19.536, 100.0, 0.5
1632, 45.903, 20.061, 100.0, 0.5
1633, 46.389, 20.241, 100.0, 0.5
1634, 110.036, 48.885, 100.0, 0.5
1635, 45.652, 19.563, 100.0, 0.5
1636, 45.662, 19.568, 100.0, 0.5
1637, 81.680, 30.498, 100.0, 0.5
1638, 45.652, 19.563, 100.0, 0.5
1639, 45.652, 19.563, 100.0, 0.5
1640, 45.652, 19.563, 100.0, 0.5
1641, 53.882, 25.338, 100.0, 0.5
1642, 45.652, 19.563, 100.0, 0.5
1643, 45.652, 19.563, 100.0, 0.5
1644, 45.652, 19.563, 100.0, 0.5
1645, 45.708, 19.509, 100.0, 0.5
1646, 45.652, 19.563, 100.0, 0.5
1647, 45.776, 19.474, 100.0, 0.5
1648, 46.240, 19.781, 100.0, 0.5
1649, 45.652, 19.563, 100.0, 0.5
1650, 46.164, 20.294, 100.0, 0.5
1651, 45.673, 19.280, 100.0, 0.5
1652, 45.652, 19.563, 100.0, 0.5
1653, 47.686, 20.347, 100.0, 0.5
1654, 77.245, 32.015, 100.0, 0.5
1655, 49.051, 22.278, 100.0, 0.5
1656, 45.658, 19.592, 100.0, 0.5
1657, 45.924, 19.416, 100.0, 0.5
1658, 45.652, 19.563, 100.0, 0.5
1659, 46.664, 19.951, 100.0, 0.5
1660, 48.968, 19.055, 100.0, 0.5
1661, 45.652, 19.563, 100.0, 0.5
1662, 45.652, 19.563, 100.0, 0.5
1663, 45.652, 19.563, 100.0, 0.5
1664, 46.437, 19.483, 100.0, 0.5
1665, 45.669, 19.714, 100.0, 0.5
1666, 45.948, 19.310, 100.0, 0.5
1667, 45.738, 19.661, 100.0, 0.5
1668, 45.821, 19.431, 100.0, 0.5
1669, 45.652, 19.563, 100.0, 0.5
1670, 45.993, 19.243, 100.0, 0.5
1671, 49.410, 18.954, 100.0, 0.5
1672, 68.991, 29.127, 100.0, 0.5
1673, 45.666, 19.608, 100.0, 0.5
1674, 45.652, 19.563, 100.0, 0.5
1675, 77.889, 29.312, 100.0, 0.5
1676, 45.731, 19.568, 100.0, 0.5
1677, 46.050, 19.865, 100.0, 0.5
1678, 46.097, 19.449, 100.0, 0.5
1679, 47.540, 21.229, 100.0, 0.5
1680, 46.571, 19.908, 100.0, 0.5
1681, 46.390, 20.103, 100.0, 0.5
1682, 46.006, 20.024, 100.0, 0.5
1683, 45.652, 19.563, 100.0, 0.5
1684, 45.652, 19.563, 100.0, 0.5
1685, 45.733, 19.666, 100.0, 0.5
1686, 45.661, 19.576, 100.0, 0.5
1687, 53.422, 23.791, 100.0, 0.5
1688, 46.979, 20.068, 100.0, 0.5
1689, 46.261, 19.418, 100.0, 0.5
1690, 68.894, 29.099, 100.0, 0.5
1691, 48.294, 18.949, 100.0, 0.5
1692, 45.652, 19.563, 100.0, 0.5
1693, 45.661, 19.576, 100.0, 0.5
1694, 46.338, 20.220, 100.0, 0.5
1695, 45.652, 19.563, 100.0, 0.5
1696, 87.600, 32.561, 100.0, 0.5
1697, 46.195, 19.455, 100.0, 0.5
1698, 45.651, 19.567, 100.0, 0.5
1699, 50.296, 18.996, 100.0, 0.5
1700, 45.705, 19.654, 100.0, 0.5
1701, 45.824, 19.462, 100.0, 0.5
1702, 45.830, 19.702, 100.0, 0.5
1703, 45.651, 19.567, 100.0, 0.5
1704, 46.525, 20.344, 100.0, 0.5
1705, 53.704, 24.105, 100.0, 0.5
1706, 46.391, 19.815, 100.0, 0.5
1707, 46.589, 19.800, 100.0, 0.5
1708, 45.651, 19.567, 100.0, 0.5
1709, 45.972, 19.416, 100.0, 0.5
1710, 45.651, 19.567, 100.0, 0.5
1711, 45.651, 19.567, 100.0, 0.5
1712, 45.688, 19.478, 100.0, 0.5
1713, 45.888, 19.656, 100.0, 0.5
1714, 45.975, 19.415, 100.0, 0.5
1715, 45.678, 19.266, 100.0, 0.5
1716, 45.648, 19.573, 100.0, 0.5
1717, 45.648, 19.573, 100.0, 0.5
1718, 46.463, 20.314, 100.0, 0.5
1719, 45.648, 19.573, 100.0, 0.5
1720, 46.072, 19.224, 100.0, 0.5
1721, 45.883, 20.044, 100.0, 0.5
1722, 45.648, 19.573, 100.0, 0.5
1723, 45.659, 19.555, 100.0, 0.5
1724, 45.747, 19.877, 100.0, 0.5
1725, 49.935, 22.474, 100.0, 0.5
1726, 45.652, 19.560, 100.0, 0.5
1727, 50.877, 22.877, 100.0, 0.5
1728, 45.685, 19.632, 100.0, 0.5
1729, 45.688, 19.584, 100.0, 0.5
1730, 50.160, 22.551, 100.0, 0.5
1731, 52.612, 23.622, 100.0, 0.5
1732, 46.462, 19.892, 100.0, 0.5
1733, 112.558, 50.102, 100.0, 0.5
1734, 45.656, 19.571, 100.0, 0.5
1735, 46.390, 19.856, 100.0, 0.5
1736, 46.754, 20.492, 100.0, 0.5
1737, 46.142, 19.772, 100.0, 0.5
1738, 45.644, 19.575, 100.0, 0.5
1739, 45.655, 19.409, 100.0, 0.5
1740, 45.789, 19.416, 100.0, 0.5
1741, 45.644, 19.575, 100.0, 0.5
1742, 46.050, 19.426, 100.0, 0.5
1743, 45.644, 19.575, 100.0, 0.5
1744, 46.956, 20.075, 100.0, 0.5
1745, 46.463, 19.820, 100.0, 0.5
1746, 104.890, 46.357, 100.0, 0.5
1747, 59.714, 26.193, 100.0, 0.5
1748, 46.078, 19.296, 100.0, 0.5
1749, 46.756, 19.824, 100.0, 0.5
1750, 45.644, 19.575, 100.0, 0.5
1751, 45.746, 19.669, 100.0, 0.5
1752, 57.464, 26.921, 100.0, 0.5
1753, 45.696, 19.538, 100.0, 0.5
1754, 45.703, 19.572, 100.0, 0.5
1755, 45.684, 19.570, 100.0, 0.5
1756, 45.704, 19.768, 100.0, 0.5
1757, 46.742, 19.437, 100.0, 0.5
1758, 46.373, 19.395, 100.0, 0.5
1759, 45.649, 19.620, 100.0, 0.5
1760, 69.635, 29.305, 100.0, 0.5
1761, 48.234, 19.107, 100.0, 0.5
1762, 45.779, 19.454, 100.0, 0.5
1763, 46.311, 20.250, 100.0, 0.5
1764, 46.072, 18.911, 100.0, 0.5
1765, 45.644, 19.575, 100.0, 0.5
1766, 46.880, 18.812, 100.0, 0.5
1767, 45.687, 19.577, 100.0, 0.5
1768, 46.217, 19.814, 100.0, 0.5
1769, 45.835, 19.427, 100.0, 0.5
1770, 109.742, 48.701, 100.0, 0.5
1771, 62.002, 26.170, 100.0, 0.5
1772, 49.666, 22.444, 100.0, 0.5
1773, 45.644, 19.575, 100.0, 0.5
1774, 45.644, 19.575, 100.0, 0.5
1775, 45.956, 19.954, 100.0, 0.5
1776, 60.131, 26.364, 100.0, 0.5
1777, 46.036, 18.916, 100.0, 0.5
1778, 45.649, 19.519, 100.0, 0.5
1779, 45.903, 19.462, 100.0, 0.5
1780, 45.692, 19.651, 100.0, 0.5
1781, 45.685, 19.583, 100.0, 0.5
1782, 88.912, 33.109, 100.0, 0.5
1783, 45.644, 19.575, 100.0, 0.5
1784, 45.996, 19.479, 100.0, 0.5
1785, 45.602, 19.588, 100.0, 0.5
1786, 45.602, 19.588, 100.0, 0.5
1787, 45.602, 19.588, 100.0, 0.5
1788, 45.602, 19.588, 100.0, 0.5
1789, 47.142, 19.629, 100.0, 0.5
1790, 46.773, 20.061, 100.0, 0.5
1791, 53.667, 24.211, 100.0, 0.5
1792, 45.602, 19.588, 100.0, 0.5
1793, 45.602, 19.588, 100.0, 0.5
1794, 45.602, 19.588, 100.0, 0.5
1795, 69.927, 29.443, 100.0, 0.5
1796, 45.602, 19.588, 100.0, 0.5
1797, 45.602, 19.588, 100.0, 0.5
1798, 52.923, 23.868, 100.0, 0.5
1799, 45.602, 19.588, 100.0, 0.5
1800, 45.801, 19.657, 100.0, 0.5
1801, 45.602, 19.588, 100.0, 0.5
1802, 45.602, 19.588, 100.0, 0.5
1803, 45.864, 19.560, 100.0, 0.5
1804, 45.602, 19.588, 100.0, 0.5
1805, 45.660, 19.667, 100.0, 0.5
1806, 54.031, 24.085, 100.0, 0.5
1807, 46.211, 20.013, 100.0, 0.5
1808, 45.652, 19.661, 100.0, 0.5
1809, 45.769, 19.392, 100.0, 0.5
1810, 45.613, 19.561, 100.0, 0.5
1811, 47.938, 19.038, 100.0, 0.5
1812, 45.602, 19.588, 100.0, 0.5
1813, 45.855, 19.430, 100.0, 0.5
1814, 47.076, 19.146, 100.0, 0.5
1815, 45.624, 19.634, 100.0, 0.5
1816, 46.115, 20.116, 100.0, 0.5
1817, 45.602, 19.588, 100.0, 0.5
1818, 45.739, 19.613, 100.0, 0.5
1819, 45.602, 19.588, 100.0, 0.5
1820, 45.892, 19.645, 100.0, 0.5
1821, 45.602, 19.588, 100.0, 0.5
1822, 45.930, 20.143, 100.0, 0.5
1823, 45.855, 19.464, 100.0, 0.5
1824, 46.092, 20.382, 100.0, 0.5
1825, 45.809, 19.674, 100.0, 0.5
1826, 61.697, 27.224, 100.0, 0.5
1827, 45.665, 19.463, 100.0, 0.5
1828, 45.602, 19.588, 100.0, 0.5
1829, 45.599, 19.635, 100.0, 0.5
1830, 45.649, 19.717, 100.0, 0.5
1831, 48.561, 19.167, 100.0, 0.5
1832, 48.884, 21.779, 100.0, 0.5
1833, 45.623, 19.649, 100.0, 0.5
1834, 46.640, 20.487, 100.0, 0.5
1835, 46.282, 19.438, 100.0, 0.5
1836, 45.845, 19.567, 100.0, 0.5
1837, 45.599, 19.635, 100.0, 0.5
1838, 56.006, 22.379, 100.0, 0.5
1839, 46.307, 19.888, 100.0, 0.5
1840, 45.599, 19.635, 100.0, 0.5
1841, 45.599, 19.635, 100.0, 0.5
1842, 45.912, 20.204, 100.0, 0.5
1843, 45.852, 19.433, 100.0, 0.5
1844, 45.599, 19.635, 100.0, 0.5
1845, 46.303, 20.567, 100.0, 0.5
1846, 46.423, 19.190, 100.0, 0.5
1847, 46.383, 19.502, 100.0, 0.5
1848, 45.668, 19.620, 100.0, 0.5
1849, 45.682, 19.725, 100.0, 0.5
1850, 45.668, 19.740, 100.0, 0.5
1851, 45.668, 19.613, 100.0, 0.5
1852, 45.836, 19.616, 100.0, 0.5
1853, 45.599, 19.635, 100.0, 0.5
1854, 45.599, 19.635, 100.0, 0.5
1855, 45.783, 19.673, 100.0, 0.5
1856, 45.866, 19.714, 100.0, 0.5
1857, 45.678, 19.565, 100.0, 0.5
1858, 45.603, 19.665, 100.0, 0.5
1859, 52.719, 23.769, 100.0, 0.5
1860, 45.599, 19.635, 100.0, 0.5
1861, 45.599, 19.635, 100.0, 0.5
1862, 51.564, 23.759, 100.0, 0.5
1863, 45.599, 19.635, 100.0, 0.5
1864, 45.599, 19.635, 100.0, 0.5
1865, 45.749, 19.450, 100.0, 0.5
1866, 75.520, 28.938, 100.0, 0.5
1867, 46.346, 19.444, 100.0, 0.5
1868, 45.599, 19.635, 100.0, 0.5
1869, 45.599, 19.635, 100.0, 0.5
1870, 59.353, 26.228, 100.0, 0.5
1871, 45.707, 19.551, 100.0, 0.5
1872, 45.599, 19.635, 100.0, 0.5
1873, 45.704, 19.618, 100.0, 0.5
1874, 45.809, 19.511, 100.0, 0.5
1875, 45.770, 19.775, 100.0, 0.5
1876, 45.599, 19.635, 100.0, 0.5
1877, 45.599, 19.635, 100.0, 0.5
1878, 45.946, 19.318, 100.0, 0.5
1879, 45.599, 19.635, 100.0, 0.5
1880, 46.351, 19.498, 100.0, 0.5
1881, 45.670, 19.519, 100.0, 0.5
1882, 69.444, 29.283, 100.0, 0.5
1883, 46.510, 19.878, 100.0, 0.5
1884, 48.275, 19.162, 100.0, 0.5
1885, 45.599, 19.635, 100.0, 0.5
1886, 45.906, 19.356, 100.0, 0.5
1887, 47.129, 19.626, 100.0, 0.5
1888, 45.599, 19.635, 100.0, 0.5
1889, 45.875, 19.350, 100.0, 0.5
1890, 46.133, 19.839, 100.0, 0.5
1891, 46.352, 19.915, 100.0, 0.5
1892, 46.329, 19.887, 100.0, 0.5
1893, 45.655, 19.542, 100.0, 0.5
1894, 50.437, 19.126, 100.0, 0.5
1895, 45.599, 19.634, 100.0, 0.5
1896, 45.609, 19.607, 100.0, 0.5
1897, 45.599, 19.635, 100.0, 0.5
1898, 45.614, 19.721, 100.0, 0.5
1899, 45.599, 19.635, 100.0, 0.5
1900, 45.599, 19.635, 100.0, 0.5
1901, 46.452, 20.442, 100.0, 0.5
1902, 45.627, 19.755, 100.0, 0.5
1903, 45.620, 19.605, 100.0, 0.5
1904, 45.947, 19.399, 100.0, 0.5
1905, 45.855, 19.688, 100.0, 0.5
1906, 45.599, 19.635, 100.0, 0.5
1907, 45.599, 19.635, 100.0, 0.5
1908, 45.604, 19.636, 100.0, 0.5
1909, 45.599, 19.635, 100.0, 0.5
1910, 45.819, 19.507, 100.0, 0.5
1911, 45.768, 19.424, 100.0, 0.5
1912, 46.547, 19.875, 100.0, 0.5
1913, 51.433, 23.226, 100.0, 0.5
1914, 45.815, 19.920, 100.0, 0.5
1915, 45.599, 19.635, 100.0, 0.5
1916, 50.174, 19.110, 100.0, 0.5
1917, 46.504, 19.176, 100.0, 0.5
1918, 45.599, 19.635, 100.0, 0.5
1919, 45.985, 18.960, 100.0, 0.5
1920, 49.274, 19.076, 100.0, 0.5
1921, 64.278, 26.297, 100.0, 0.5
1922, 45.599, 19.635, 100.0, 0.5
1923, 45.748, 19.585, 100.0, 0.5
1924, 45.610, 19.706, 100.0, 0.5
1925, 46.638, 19.157, 100.0, 0.5
1926, 45.703, 19.553, 100.0, 0.5
1927, 46.056, 19.755, 100.0, 0.5
1928, 45.809, 19.401, 100.0, 0.5
1929, 45.644, 19.554, 100.0, 0.5
1930, 46.223, 20.061, 100.0, 0.5
1931, 45.630, 19.597, 100.0, 0.5
1932, 46.272, 20.372, 100.0, 0.5
1933, 45.599, 19.635, 100.0, 0.5
1934, 106.394, 47.107, 100.0, 0.5
1935, 45.741, 19.641, 100.0, 0.5
1936, 113.648, 50.632, 100.0, 0.5
1937, 46.735, 20.044, 100.0, 0.5
1938, 56.271, 22.463, 100.0, 0.5
1939, 45.599, 19.635, 100.0, 0.5
1940, 45.599, 19.635, 100.0, 0.5
1941, 45.610, 19.644, 100.0, 0.5
1942, 61.362, 27.073, 100.0, 0.5
1943, 45.599, 19.635, 100.0, 0.5
1944, 77.872, 29.535, 100.0, 0.5
1945, 45.599, 19.635, 100.0, 0.5
1946, 45.617, 19.619, 100.0, 0.5
1947, 47.022, 20.708, 100.0, 0.5
1948, 45.599, 19.635, 100.0, 0.5
1949, 46.136, 19.482, 100.0, 0.5
1950, 45.673, 19.777, 100.0, 0.5
1951, 45.599, 19.635, 100.0, 0.5
1952, 46.042, 20.325, 100.0, 0.5
1953, 45.599, 19.635, 100.0, 0.5
1954, 46.231, 19.927, 100.0, 0.5
1955, 45.810, 19.385, 100.0, 0.5
1956, 45.599, 19.635, 100.0, 0.5
1957, 45.599, 19.635, 100.0, 0.5
1958, 45.708, 19.818, 100.0, 0.5
1959, 111.737, 49.688, 100.0, 0.5
1960, 46.379, 19.447, 100.0, 0.5
1961, 52.166, 23.594, 100.0, 0.5
1962, 46.102, 18.952, 100.0, 0.5
1963, 45.599, 19.635, 100.0, 0.5
1964, 45.892, 20.192, 100.0, 0.5
1965, 45.624, 19.614, 100.0, 0.5
1966, 45.599, 19.635, 100.0, 0.5
1967, 45.599, 19.635, 100.0, 0.5
1968, 45.602, 19.705, 100.0, 0.5
1969, 46.107, 20.111, 100.0, 0.5
1970, 45.637, 19.591, 100.0, 0.5
1971, 45.628, 19.687, 100.0, 0.5
1972, 46.128, 20.127, 100.0, 0.5
1973, 45.599, 19.635, 100.0, 0.5
1974, 46.023, 19.864, 100.0, 0.5
1975, 46.150, 19.777, 100.0, 0.5
1976, 45.664, 19.740, 100.0, 0.5
1977, 48.421, 19.164, 100.0, 0.5
1978, 112.240, 49.934, 100.0, 0.5
1979, 45.599, 19.635, 100.0, 0.5
1980, 46.146, 20.012, 100.0, 0.5
1981, 45.663, 19.659, 100.0, 0.5
1982, 48.893, 19.174, 100.0, 0.5
1983, 48.246, 21.723, 100.0, 0.5
1984, 45.593, 19.669, 100.0, 0.5
1985, 45.615, 19.677, 100.0, 0.5
1986, 45.635, 19.640, 100.0, 0.5
1987, 45.661, 19.737, 100.0, 0.5
1988, 45.733, 19.691, 100.0, 0.5
1989, 59.852, 28.464, 100.0, 0.5
1990, 45.707, 19.515, 100.0, 0.5
1991, 45.593, 19.669, 100.0, 0.5
1992, 45.786, 19.480, 100.0, 0.5
1993, 45.593, 19.669, 100.0, 0.5
1994, 45.855, 19.844, 100.0, 0.5
1995, 45.593, 19.669, 100.0, 0.5
1996, 45.926, 19.794, 100.0, 0.5
1997, 45.593, 19.669, 100.0, 0.5
1998, 45.593, 19.669, 100.0, 0.5
1999, 45.593, 19.669, 100.0, 0.5
